panstwo,rok,liczba_bev_we_flocie,liczba_phev_we_flocie,procent_bev_we_flocie,procent_phev_we_flocie,liczba_bev_w_nowych_rejestracjach,liczba_phev_w_nowych_rejestracjach,procent_bev_w_nowych_rejestracjach,procent_phev_w_nowych_rejestracjach,liczba_ev_we_flocie,procent_ev_we_flocie,liczba_ev_w_nowych_rejestracjach,procent_ev_w_nowych_rejestracjach,pkb_per_capita_pps,cena_energii_eur_kwh,cena_benzyny_eur_litr,cena_diesla_eur_litr,koszt_100_km_ev,koszt_100_km_benzyna,koszt_100_km_diesel,relacja_kosztu_ev_do_benzyny,relacja_kosztu_ev_do_diesla,polityka_ue_etap,po_2035
Austria,2008,,,,,0.0,0.0,,,,,0.0,,31853.9,0.1775499999999999,1.2156938775510204,1.2449183673469388,3.1959,8.509857142857143,7.469510204081633,0.3755527203746915,0.4278593793544368,0,0
Austria,2009,328.0,,0.01,,25.0,0.0,0.01,0.0,,,25.0,0.01,30722.4,0.1909,1.04486,0.97386,3.4362,7.314019999999999,5.84316,0.4698100360677165,0.5880722075041587,0,0
Austria,2010,353.0,,0.01,,112.0,0.0,0.03,0.0,,,112.0,0.03,31605.6,0.19485,1.1874897959183672,1.1038979591836735,3.5073000000000003,8.31242857142857,6.623387755102041,0.4219344527128053,0.5295326394409422,0,0
Austria,2011,989.0,,0.02,,631.0,2.0,0.18,0.0,,,633.0,0.18,32928.8,0.19755,1.357408163265306,1.3289795918367346,3.5559000000000003,9.501857142857142,7.973877551020408,0.3742321050020297,0.4459436425061425,0,0
Austria,2012,1389.0,141.0,0.03,0.0,427.0,267.0,0.13,0.08,1530.0,0.03,694.0,0.21,34099.8,0.19995,1.4497755102040817,1.4100408163265306,3.5991000000000004,10.148428571428571,8.460244897959184,0.3546460394994299,0.4254132171597291,0,0
Austria,2013,2070.0,408.0,0.04,0.01,656.0,80.0,0.21,0.03,2478.0,0.05,736.0,0.24,34310.4,0.205,1.3929795918367347,1.3573265306122448,3.69,9.750857142857145,8.14395918367347,0.3784282700421941,0.4530965733960817,0,0
Austria,2014,3386.0,776.0,0.07,0.02,1344.0,209.0,0.44,0.07,4162.0,0.09,1553.0,0.51,34668.5,0.2004,1.3496938775510203,1.3011632653061225,3.6072,9.447857142857144,7.806979591836734,0.3818008618734406,0.4620480888373041,0,0
Austria,2015,5032.0,1512.0,0.11,0.03,1699.0,984.0,0.55,0.32,6544.0,0.14,2683.0,0.8700000000000001,35681.9,0.1996,1.2020816326530612,1.1219183673469388,3.5928,8.414571428571428,6.7315102040816335,0.4269736171946623,0.5337286717357296,0,0
Austria,2016,9073.0,2287.0,0.19,0.05,3806.0,1182.0,1.15,0.36,11360.0,0.24,4988.0,1.5099999999999998,36385.1,0.2022,1.11142,1.03024,3.6396,7.779940000000001,6.18144,0.4678185178806005,0.5887948439198633,0,0
Austria,2017,14618.0,3948.0,0.3,0.08,5398.0,1820.0,1.53,0.52,18566.0,0.38,7218.0,2.05,37012.2,0.1964,1.17744,1.10532,3.535200000000001,8.24208,6.631919999999999,0.4289208549298236,0.5330582998588645,0,0
Austria,2018,20831.0,5710.0,0.42,0.11,6774.0,2130.0,1.99,0.62,26541.0,0.53,8904.0,2.61,38419.4,0.1989,1.26434,1.22296,3.5802,8.85038,7.33776,0.4045250034461797,0.4879145679335382,0,0
Austria,2019,29523.0,8042.0,0.59,0.16,9242.0,2766.0,2.81,0.84,37565.0,0.75,12008.0,3.65,39263.8,0.2054,1.238204081632653,1.2057755102040817,3.6972,8.667428571428571,7.23465306122449,0.4265625,0.511040400792106,0,0
Austria,2020,44507.0,15237.0,0.87,0.3,15955.0,7762.0,6.41,3.12,59744.0,1.17,23717.0,9.53,37385.6,0.2139,1.08368,1.05006,3.8502,7.58576,6.30036,0.5075562633144207,0.611107936689332,1,0
Austria,2021,76539.0,29021.0,1.49,0.57,33379.0,14633.0,13.92,6.1,105560.0,2.06,48012.0,20.02,40185.6,0.22505,1.2833673469387754,1.2372244897959184,4.0509,8.983571428571429,7.42334693877551,0.4509231136201002,0.5456972486144102,1,0
Austria,2022,110225.0,41580.0,2.14,0.81,33768.0,13271.0,15.7,6.17,151805.0,2.95,47039.0,21.87,44569.5,0.23095,1.7277058823529412,1.8203529411764705,4.1571,12.093941176470588,10.922117647058824,0.3437341011785191,0.3806130032960641,1,0
Austria,2023,155490.0,56864.0,3.0,1.1,47614.0,16410.0,19.91,6.86,212354.0,4.1,64024.0,26.77,46391.9,0.27005,1.5954117647058823,1.6421568627450982,4.8609,11.167882352941175,9.852941176470589,0.4352570922919717,0.4933450746268656,1,0
Austria,2024,200603.0,74768.0,3.83,1.43,44622.0,16928.0,17.58,6.67,275371.0,5.26,61550.0,24.25,47527.9,0.2584,1.5682452830188678,1.597245283018868,4.6512,10.977716981132074,9.583471698113208,0.4236946541793926,0.4853356013891842,1,0
Austria,2025,257717.0,105381.0,4.88,1.99,60651.0,28820.0,21.28,10.11,363098.0,6.87,89471.0,31.39,49029.2,0.3088499999999999,1.5192115384615386,1.5362115384615385,5.5593,10.63448076923077,9.217269230769231,0.5227617709446593,0.6031395916527921,2,0
Belgia,2008,10.0,,,,0.0,0.0,,,,,0.0,,29399.0,0.2062,1.4177234693877552,1.2076304081632652,3.7116,9.924064285714286,7.245782448979591,0.3739999956814928,0.5122428152010963,0,0
Belgia,2009,10.0,,0.0,,0.0,0.0,0.0,0.0,,,0.0,0.0,28616.0,0.189,1.240421,0.9501714,3.402,8.682947,5.7010284,0.391802460616194,0.5967344418070255,0,0
Belgia,2010,36.0,,0.0,,34.0,0.0,0.01,0.0,,,34.0,0.01,30161.8,0.19665,1.4007326530612243,1.1432183673469387,3.5397,9.805128571428572,6.859310204081632,0.3610049551328095,0.5160431435064274,0,0
Belgia,2011,162.0,16.0,0.0,0.0,288.0,16.0,0.05,0.0,178.0,0.0,304.0,0.05,30735.5,0.21275,1.5445285714285713,1.3746714285714283,3.8295,10.811699999999998,8.24802857142857,0.3541996170814951,0.4642927660635789,0,0
Belgia,2012,647.0,338.0,0.01,0.01,585.0,326.0,0.12,0.07,985.0,0.02,911.0,0.19,31372.6,0.2274999999999999,1.646034693877551,1.4646346938775512,4.095,11.522242857142857,8.787808163265307,0.3553995563859715,0.4659865035650039,0,0
Belgia,2013,919.0,359.0,0.02,0.01,494.0,60.0,0.1,0.01,1278.0,0.03,554.0,0.11,31661.5,0.2193999999999999,1.582044081632653,1.4027810204081634,3.9492,11.074308571428572,8.416686122448981,0.3566091710853021,0.4692107965707187,0,0
Belgia,2014,1792.0,1159.0,0.03,0.02,1339.0,652.0,0.27,0.13,2951.0,0.05,1991.0,0.4,32359.4,0.207,1.5342485714285712,1.3502891836734694,3.726,10.739739999999998,8.101735102040816,0.3469357731192748,0.4599014844439218,0,0
Belgia,2015,2871.0,4098.0,0.05,0.07,1613.0,2170.0,0.32,0.43,6969.0,0.12,3783.0,0.75,33127.0,0.2239,1.365825918367347,1.1581108163265306,4.0302,9.560781428571428,6.948664897959183,0.4215345816772,0.5799963099650504,0,0
Belgia,2016,4368.0,11422.0,0.08,0.2,2216.0,7124.0,0.41,1.3,15790.0,0.28,9340.0,1.71,33631.0,0.26445,1.2633166,1.1046934,4.7601,8.8432162,6.6281604,0.5382770128361218,0.7181630667839602,0,0
Belgia,2017,8552.0,22273.0,0.15,0.38,2945.0,11651.0,0.53,2.1,30825.0,0.53,14596.0,2.63,34519.6,0.2867,1.3504261999999998,1.2490476,5.1606000000000005,9.4529834,7.494285599999999,0.5459228882174914,0.688604661663815,0,0
Belgia,2018,9244.0,33005.0,0.16,0.56,4041.0,9440.0,0.72,1.69,42249.0,0.7200000000000001,13481.0,2.41,35579.3,0.288,1.4031835999999998,1.421089,5.184000000000001,9.822285199999998,8.526534,0.5277794214323976,0.607984440101922,0,0
Belgia,2019,15338.0,41987.0,0.26,0.71,8886.0,8830.0,1.59,1.58,57325.0,0.97,17716.0,3.17,36884.8,0.28495,1.391061224489796,1.4369673469387754,5.129099999999999,9.737428571428572,8.621804081632652,0.5267407059652005,0.5948986953817138,0,0
Belgia,2020,23983.0,74988.0,0.41,1.27,14996.0,33006.0,3.48,7.65,98971.0,1.68,48002.0,11.13,35850.5,0.2747,1.2775436,1.2910382,4.9446,8.9428052,7.7462292,0.5529137546236611,0.6383234826049299,1,0
Belgia,2021,40851.0,123435.0,0.69,2.08,21975.0,48447.0,5.74,12.65,164286.0,2.77,70422.0,18.39,38699.2,0.2848,1.4857632653061223,1.496627142857143,5.1264,10.400342857142856,8.979762857142857,0.4929068272474534,0.570883672715506,1,0
Belgia,2022,71651.0,182996.0,1.2,3.08,37815.0,60541.0,10.32,16.53,254647.0,4.28,98356.0,26.85,42520.4,0.3963,1.797892745098039,1.9255929411764707,7.1334,12.585249215686272,11.553557647058824,0.5668064158085101,0.6174202109785587,1,0
Belgia,2023,138749.0,265455.0,2.32,4.43,93382.0,100429.0,19.59,21.07,404204.0,6.75,193811.0,40.66,45367.3,0.4064,1.723139807692308,1.7680661538461535,7.3152,12.061978653846156,10.608396923076922,0.6064676625561288,0.6895669584239364,1,0
Belgia,2024,254240.0,326468.0,4.18,5.36,127242.0,66383.0,28.38,14.81,580708.0,9.54,193625.0,43.19,46587.9,0.33335,1.635917358490566,1.7190833962264152,6.000299999999999,11.451421509433962,10.314500377358492,0.5239786165461472,0.5817344302174193,1,0
Belgia,2025,447937.0,390212.0,7.3,6.36,142826.0,39227.0,34.43,9.46,838149.0,13.66,182053.0,43.89,47676.3,0.3535,1.5533471153846152,1.6585934615384614,6.363,10.873429807692307,9.951560769230769,0.5851879409290484,0.639397190807874,2,0
Bułgaria,2008,,,,,0.0,0.0,,,,,0.0,,10942.7,0.0766999999999999,1.0219830612244898,1.0937469387755103,1.3805999999999998,7.153881428571428,6.562481632653062,0.1929861451835237,0.210377731669453,0,0
Bułgaria,2009,,,,,0.0,0.0,0.0,0.0,,,0.0,0.0,10512.3,0.08205,0.8819056,0.8353126,1.4769,6.1733392,5.0118756,0.2392384335531084,0.2946800994023076,0,0
Bułgaria,2010,,,,,0.0,0.0,0.0,0.0,,,0.0,0.0,11113.0,0.08215,1.0185214285714286,0.9780651020408164,1.4787,7.12965,5.868390612244898,0.2074014853464054,0.2519770917966105,0,0
Bułgaria,2011,,,,,0.0,0.0,0.0,0.0,,,0.0,0.0,11734.9,0.085,1.1681428571428571,1.1745653061224488,1.53,8.177,7.047391836734693,0.1871101871101871,0.2171015938158624,0,0
Bułgaria,2012,72.0,4.0,0.0,0.0,0.0,4.0,0.0,0.02,76.0,0.0,4.0,0.02,12125.1,0.0900499999999999,1.2782304081632654,1.273333673469388,1.6208999999999998,8.947612857142857,7.640002040816327,0.1811544627465681,0.2121596291912519,0,0
Bułgaria,2013,91.0,4.0,0.0,0.0,,,,,95.0,0.0,,,12194.1,0.0902999999999999,1.317534,1.3343362,1.6254,9.222738,8.006017199999999,0.1762383361643798,0.2030222967794773,0,0
Bułgaria,2014,147.0,6.0,0.0,0.0,,,,,153.0,0.0,,,12894.9,0.08635,1.2768363265306122,1.3031475510204082,1.5543,8.937854285714286,7.81888530612245,0.1739007988174854,0.1987879268139323,0,0
Bułgaria,2015,183.0,24.0,0.01,0.0,10.0,,0.06,,207.0,0.01,,,13586.9,0.09495,1.1029548979591837,1.125930612244898,1.7091,7.720684285714285,6.755583673469388,0.2213663888785579,0.2529907233200291,0,0
Bułgaria,2016,215.0,31.0,0.01,0.0,11.0,,0.05,,246.0,0.01,,,14411.0,0.0947,0.9838294,0.953584,1.7046,6.8868058,5.721504,0.247516780566108,0.2979286565210826,0,0
Bułgaria,2017,384.0,133.0,0.01,0.0,13.0,48.0,0.05,0.18,517.0,0.01,61.0,0.2299999999999999,15329.3,0.0969,1.0259268,1.0123142,1.7442,7.1814876,6.0738852,0.2428744707433596,0.2871638074423929,0,0
Bułgaria,2018,710.0,252.0,0.03,0.01,145.0,77.0,0.51,0.27,962.0,0.04,222.0,0.78,16273.7,0.0992,1.0982826,1.1059882,1.7856,7.687978200000001,6.6359292000000005,0.2322587231061607,0.2690806285275015,0,0
Bułgaria,2019,1185.0,662.0,0.04,0.02,188.0,88.0,0.57,0.27,1847.0,0.06,276.0,0.84,17407.9,0.09775,1.0842144897959185,1.1109051020408165,1.7595,7.5895014285714275,6.665430612244897,0.2318334104762387,0.2639739429239074,0,0
Bułgaria,2020,1933.0,953.0,0.07,0.03,277.0,279.0,1.24,1.25,2886.0,0.1,556.0,2.49,17473.0,0.09895,0.9311896,0.92197,1.7811,6.518327200000001,5.531820000000001,0.27324495155751,0.321973600008677,1,0
Bułgaria,2021,3369.0,1293.0,0.12,0.05,550.0,267.0,2.24,1.09,4662.0,0.1699999999999999,817.0,3.33,19748.1,0.10575,1.075895306122449,1.0649102040816327,1.9035,7.531267142857143,6.389461224489796,0.2527463126580672,0.2979124425552791,1,0
Bułgaria,2022,6293.0,1889.0,0.22,0.07,1021.0,456.0,3.56,1.59,8182.0,0.29,1477.0,5.15,22421.2,0.1119999999999999,1.463731176470588,1.5665123529411764,2.016,10.246118235294116,9.39907411764706,0.1967574405940017,0.2144892118910836,1,0
Bułgaria,2023,11472.0,3232.0,0.41,0.12,1754.0,338.0,4.9,0.95,14704.0,0.53,2092.0,5.8500000000000005,24254.4,0.1164999999999999,1.337706470588235,1.368307450980392,2.097,9.363945294117649,8.209844705882352,0.223944067819076,0.2554250506708732,1,0
Bułgaria,2024,19020.0,6235.0,0.61,0.2,1665.0,1498.0,3.96,3.56,25255.0,0.81,3163.0,7.52,26324.3,0.1202,1.3106739682646873,1.3095958704540152,2.1636,9.17471777785281,7.85757522272409,0.2358219677582665,0.2753521205553176,1,0
Bułgaria,2025,21545.0,6813.0,0.68,0.22,2428.0,582.0,4.9,1.18,28358.0,0.9,3010.0,6.08,28332.0,0.13275,1.2377101245211484,1.2376186805320666,2.3895,8.663970871648038,7.425712083192399,0.2757973261220666,0.3217873213006026,2,0
Chorwacja,2008,1.0,,,,0.0,0.0,,,,,0.0,,16306.4,0.1087,,,1.9566,,,,,0,0
Chorwacja,2009,1.0,,0.0,,0.0,0.0,,,,,0.0,,15365.0,0.1157499999999999,,,2.0835,,,,,0,0
Chorwacja,2010,3.0,,0.0,,0.0,0.0,0.0,0.0,,,0.0,0.0,15243.6,0.1152,,,2.0736,,,,,0,0
Chorwacja,2011,7.0,,0.0,,0.0,0.0,0.0,0.0,,,0.0,0.0,15782.9,0.11415,,,2.0547,,,,,0,0
Chorwacja,2012,13.0,,0.0,,0.0,0.0,0.0,0.0,,,0.0,0.0,15972.1,0.1296,,,2.3328,,,,,0,0
Chorwacja,2013,24.0,12.0,0.0,0.0,,,,,36.0,0.0,,,16209.1,0.1361,1.3688024,1.2981016,2.4498,9.5816168,7.788609599999999,0.2556771003407275,0.3145362427717522,0,0
Chorwacja,2014,39.0,33.0,0.0,0.0,14.0,,0.02,,72.0,0.0,,,16301.6,0.1318,1.3820991836734695,1.3038067346938775,2.3724,9.674694285714288,7.822840408163265,0.2452170507861008,0.3032658057966209,0,0
Chorwacja,2015,163.0,70.0,0.01,0.0,70.0,30.0,0.09,0.04,233.0,0.01,100.0,0.13,17084.7,0.13145,1.259451836734694,1.1637914285714284,2.3661000000000003,8.816162857142857,6.98274857142857,0.2683820657966845,0.3388493765451346,0,0
Chorwacja,2016,233.0,96.0,0.02,0.01,45.0,29.0,0.05,0.03,329.0,0.03,74.0,0.08,17960.8,0.1321,1.1834938,1.0736294,2.3778,8.284456599999999,6.4417764,0.2870194286490679,0.3691217844816842,0,0
Chorwacja,2017,285.0,132.0,0.02,0.01,7.0,16.0,0.01,0.02,417.0,0.03,23.0,0.03,19169.3,0.1216,1.2665072,1.1736618,2.1888,8.8655504,7.0419708,0.2468882247852316,0.3108220783874878,0,0
Chorwacja,2018,461.0,230.0,0.03,0.01,130.0,5.0,0.09,0.0,691.0,0.04,135.0,0.09,20216.2,0.1316,1.3556758,1.3091496,2.3688,9.4897306,7.8548976,0.249617201988853,0.3015698129533859,0,0
Chorwacja,2019,725.0,352.0,0.04,0.02,240.0,116.0,0.16,0.08,1077.0,0.06,356.0,0.24,21518.8,0.1322499999999999,1.3405481632653062,1.3193355102040816,2.3805,9.383837142857145,7.91601306122449,0.2536808731609335,0.3007195644560712,0,0
Chorwacja,2020,1314.0,553.0,0.08,0.03,533.0,142.0,1.48,0.39,1867.0,0.11,675.0,1.87,20213.9,0.1304,1.2038003999999998,1.1589676,2.3472000000000004,8.426602799999998,6.9538056,0.2785464149324804,0.3375417915047841,1,0
Chorwacja,2021,2977.0,1181.0,0.17,0.07,1351.0,399.0,3.01,0.89,4158.0,0.24,1750.0,3.9,23588.3,0.1301999999999999,1.4069765306122448,1.36180306122449,2.3435999999999995,9.848835714285714,8.17081836734694,0.2379570609143792,0.2868256146000912,1,0
Chorwacja,2022,4801.0,2544.0,0.26,0.14,1305.0,770.0,3.04,1.79,7345.0,0.4,2075.0,4.83,26007.8,0.14165,1.6045325490196078,1.7625360784313726,2.5497,11.231727843137255,10.575216470588236,0.2270087056603586,0.241101447624379,1,0
Chorwacja,2023,7058.0,4534.0,0.37,0.24,1617.0,1014.0,2.87,1.8,11592.0,0.61,2631.0,4.67,29847.3,0.148,1.4909940384615386,1.5820009615384616,2.664,10.43695826923077,9.492005769230769,0.2552467808416698,0.280657225118384,1,0
Chorwacja,2024,9987.0,8146.0,0.5,0.41,1793.0,1405.0,2.76,2.16,18133.0,0.91,3198.0,4.92,31053.1,0.14775,1.5362641509433963,1.5605849056603776,2.6595,10.753849056603777,9.363509433962266,0.2473068001979106,0.2840281220152095,1,0
Chorwacja,2025,12605.0,13562.0,0.62,0.66,1293.0,2529.0,1.85,3.62,26167.0,1.28,3822.0,5.470000000000001,32370.2,0.1638,1.4891153846153846,1.4763461538461538,2.9484,10.423807692307692,8.858076923076922,0.2828524937366015,0.3328487690504103,2,0
Cypr,2008,,,,,0.0,0.0,,,,,0.0,,27029.6,0.191,1.0349697959183672,1.092525306122449,3.438,7.244788571428571,6.5551518367346935,0.4745480100769972,0.5244729772289402,0,0
Cypr,2009,,,,,0.0,0.0,,,,,0.0,,25593.1,0.16,0.8816010000000001,0.8323366000000001,2.88,6.171207000000001,4.994019600000001,0.4666834218978555,0.5766897670966289,0,0
Cypr,2010,,,,,0.0,0.0,,,,,0.0,,25363.5,0.19395,1.0388297959183674,1.004364693877551,3.4911000000000003,7.271808571428572,6.0261881632653065,0.4800868952624479,0.5793214392609238,0,0
Cypr,2011,,,,,0.0,0.0,0.0,0.0,,,0.0,0.0,24894.2,0.22315,1.2130071428571427,1.2517236734693875,4.0167,8.49105,7.510342040816326,0.4730510360909428,0.5348225124994987,0,0
Cypr,2012,1.0,,0.0,,0.0,0.0,0.0,0.0,,,0.0,0.0,23616.7,0.2845,1.3179485714285712,1.3507010204081635,5.121,9.22564,8.104206122448982,0.5550834413655855,0.6318940958096587,0,0
Cypr,2013,6.0,,0.0,,,,,,,,,,21994.0,0.26205,1.3767207999999995,1.4070682,4.7169,9.6370456,8.4424092,0.4894549840046415,0.5587149222759777,0,0
Cypr,2014,15.0,3.0,0.0,0.0,,,,,18.0,0.0,,,21426.7,0.23235,1.4058653061224489,1.4230702040816328,4.1823,9.841057142857142,8.538421224489797,0.4249848303173004,0.4898212315883851,0,0
Cypr,2015,23.0,29.0,0.0,0.01,,20.0,,0.2,52.0,0.01,,,22563.5,0.18975,1.2285032653061223,1.2261532653061225,3.4155,8.599522857142858,7.356919591836735,0.3971731986459049,0.4642568071275172,0,0
Cypr,2016,40.0,49.0,0.01,0.01,21.0,18.0,0.17,0.14,89.0,0.02,39.0,0.31,24483.3,0.1573999999999999,1.1451036,1.1253324,2.8332,8.015725199999999,6.7519944,0.353455230725724,0.4196093527565721,0,0
Cypr,2017,87.0,104.0,0.02,0.02,49.0,50.0,0.37,0.38,191.0,0.04,99.0,0.75,25941.8,0.18445,1.2081784,1.2019648,3.3201,8.4572488,7.211788800000001,0.3925744741008447,0.460371218857657,0,0
Cypr,2018,114.0,158.0,0.02,0.03,37.0,49.0,0.28,0.37,272.0,0.05,86.0,0.65,27303.3,0.2037999999999999,1.279967,1.3073678,3.6684,8.959769,7.8442068,0.4094301984794474,0.4676572269869274,0,0
Cypr,2019,167.0,242.0,0.03,0.04,63.0,88.0,0.5,0.7,409.0,0.07,151.0,1.2,28873.4,0.2219499999999999,1.1830710204081634,1.2329961224489796,3.9951,8.281497142857143,7.397976734693877,0.4824127728457656,0.5400260291796274,0,0
Cypr,2020,240.0,320.0,0.04,0.06,42.0,78.0,0.42,0.78,560.0,0.1,120.0,1.2,27194.2,0.19155,1.0802954,1.1144328,3.4479,7.5620678,6.6865968,0.4559467187004062,0.5156434735230334,1,0
Cypr,2021,333.0,468.0,0.06,0.08,80.0,122.0,0.75,1.15,801.0,0.14,202.0,1.9,30382.9,0.214,1.24614693877551,1.2824634693877552,3.852,8.72302857142857,7.694780816326531,0.4415897493007016,0.5005990543391378,1,0
Cypr,2022,830.0,662.0,0.14,0.11,361.0,197.0,3.1,1.69,1492.0,0.25,558.0,4.79,34492.5,0.2934,1.5368096078431372,1.7430154901960784,5.2812,10.75766725490196,10.45809294117647,0.4909242752041348,0.5049869062844548,1,0
Cypr,2023,1449.0,1175.0,0.23,0.19,796.0,505.0,5.39,3.42,2624.0,0.42,1301.0,8.809999999999999,37400.0,0.35955,1.4478507692307694,1.5468421153846152,6.471900000000001,10.134955384615386,9.281052692307693,0.6385721253222472,0.6973239151377765,1,0
Cypr,2024,2150.0,1440.0,0.33,0.22,1193.0,664.0,7.92,4.41,3590.0,0.55,1857.0,12.33,39456.4,0.3246,1.4397558490566036,1.5061507547169812,5.8428,10.078290943396226,9.036904528301887,0.5797411518297634,0.6465488245119165,1,0
Cypr,2025,3569.0,2235.0,0.53,0.33,1474.0,773.0,10.07,5.28,5804.0,0.8600000000000001,2247.0,15.35,40957.0,0.2853,1.366345769230769,1.4554965384615386,5.1354,9.564420384615383,8.732979230769232,0.5369274659090082,0.5880467437625699,2,0
Czechy,2008,29.0,,,,0.0,0.0,,,,,0.0,,21587.1,0.14145,1.2316148979591834,1.28969306122449,2.5461000000000005,8.621304285714285,7.738158367346939,0.2953265440611987,0.3290317772176769,0,0
Czechy,2009,34.0,,0.0,,0.0,0.0,0.0,0.0,,,0.0,0.0,20826.7,0.1493999999999999,1.0322017999999995,0.9898316,2.6892,7.2254125999999985,5.9389896,0.3721863579112423,0.4528042951952634,0,0
Czechy,2010,38.0,,0.0,,4.0,0.0,0.0,0.0,,,4.0,0.0,21227.7,0.15225,1.2546514285714283,1.208533673469388,2.7405,8.78256,7.251202040816327,0.3120388588293162,0.3779373384680203,0,0
Czechy,2011,72.0,,0.0,,56.0,0.0,0.03,0.0,,,56.0,0.03,21786.3,0.1643,1.4070151020408164,1.3922089795918369,2.9574,9.849105714285717,8.35325387755102,0.3002709165473181,0.3540416756574194,0,0
Czechy,2012,145.0,13.0,0.0,0.0,92.0,16.0,0.05,0.01,158.0,0.0,108.0,0.06,21767.3,0.1666,1.462898163265306,1.4527438775510204,2.9988,10.240287142857142,8.716463265306123,0.2928433507933162,0.3440386207942886,0,0
Czechy,2013,191.0,18.0,0.0,0.0,33.0,4.0,0.02,0.0,209.0,0.0,37.0,0.02,22410.7,0.1663,1.395570204081633,1.3927440816326533,2.9934000000000003,9.768991428571429,8.35646448979592,0.3064185307037106,0.358213692364186,0,0
Czechy,2014,417.0,54.0,0.01,0.0,58.0,13.0,0.03,0.01,471.0,0.01,71.0,0.04,23517.1,0.13835,1.317671224489796,1.3224983673469388,2.4903,9.22369857142857,7.934990204081632,0.2699893085962263,0.3138378165506782,0,0
Czechy,2015,713.0,131.0,0.01,0.0,312.0,89.0,0.14,0.04,844.0,0.01,401.0,0.18,24603.7,0.13965,1.1541879591836737,1.148105918367347,2.5137,8.079315714285714,6.888635510204082,0.311127834199537,0.3649053569863691,0,0
Czechy,2016,974.0,260.0,0.02,0.0,210.0,129.0,0.08,0.05,1234.0,0.02,339.0,0.13,25443.3,0.14205,1.058425,1.0130210000000002,2.5569,7.408975,6.078126000000001,0.3451084664207937,0.4206724243623774,0,0
Czechy,2017,1525.0,432.0,0.03,0.01,376.0,241.0,0.14,0.09,1957.0,0.04,617.0,0.23,27214.7,0.1462999999999999,1.1509200000000002,1.119802,2.6334,8.056440000000002,6.718812,0.3268689396309039,0.3919442901512946,0,0
Czechy,2018,3405.0,699.0,0.06,0.01,731.0,243.0,0.28,0.09,4104.0,0.0699999999999999,974.0,0.37,28492.8,0.1579499999999999,1.2527136,1.2325542,2.8431,8.7689952,7.3953252,0.3242218675179568,0.3844455683977223,0,0
Czechy,2019,4950.0,1218.0,0.08,0.02,778.0,482.0,0.31,0.19,6168.0,0.1,1260.0,0.5,30008.3,0.1759,1.2418142857142858,1.23371,3.1662,8.6927,7.40226,0.3642366583455083,0.4277342325181769,0,0
Czechy,2020,8109.0,2816.0,0.13,0.05,3264.0,1975.0,1.61,0.97,10925.0,0.18,5239.0,2.58,29178.2,0.1818,1.0678868,1.059508,3.2724,7.475207599999999,6.357048000000001,0.437767106294145,0.5147672315829611,1,0
Czechy,2021,9051.0,5796.0,0.15,0.1,2644.0,3779.0,1.28,1.83,14847.0,0.25,6423.0,3.1100000000000003,30502.4,0.18425,1.2819434693877552,1.221791224489796,3.3165,8.973604285714286,7.330747346938775,0.3695839368891907,0.4524095352140225,1,0
Czechy,2022,14195.0,9530.0,0.23,0.15,3930.0,3560.0,2.05,1.85,23725.0,0.38,7490.0,3.9,32419.7,0.2082999999999999,1.6959911764705882,1.7638409803921569,3.7494,11.871938235294117,10.58304588235294,0.3158203762257959,0.354283638347639,1,0
Czechy,2023,22441.0,15683.0,0.36,0.25,7504.0,5558.0,3.39,2.51,38124.0,0.61,13062.0,5.9,34973.9,0.31705,1.5741259615384615,1.500223653846154,5.7069,11.01888173076923,9.001341923076923,0.5179200702430627,0.6340054681590425,1,0
Czechy,2024,31713.0,23039.0,0.47,0.34,10876.0,5808.0,4.7,2.51,54752.0,0.81,16684.0,7.21,36255.5,0.33415,1.4879896026782085,1.4512523000535489,6.0147,10.41592721874746,8.707513800321294,0.577452191598866,0.690748259253757,1,0
Czechy,2025,45549.0,35513.0,0.66,0.52,13803.0,11032.0,5.55,4.44,81062.0,1.1800000000000002,24835.0,9.99,38557.0,0.3198,1.4065505531798166,1.3736179792881618,5.756399999999999,9.845853872258717,8.24170787572897,0.5846521870712504,0.6984474682671099,2,0
Dania,2008,,,,,0.0,0.0,,,,,0.0,,32185.8,0.271,1.387209387755102,1.2857344897959182,4.878,9.710465714285714,7.714406938775509,0.5023445984494491,0.6323233968228119,0,0
Dania,2009,31.0,,,,31.0,0.0,0.02,0.0,,,31.0,0.02,30595.6,0.2627,1.2810302000000002,1.045871,4.7286,8.967211400000002,6.275226,0.527321124602906,0.7535346137334337,0,0
Dania,2010,51.0,,,,20.0,0.0,0.01,0.0,,,20.0,0.01,32584.5,0.2689,1.4409142857142858,1.2119095918367349,4.8402,10.0864,7.27145755102041,0.4798738895939086,0.6656437125622456,0,0
Dania,2011,466.0,,,,415.0,0.0,0.24,0.0,,,415.0,0.24,33121.4,0.2942,1.6102555102040816,1.4134818367346935,5.2956,11.271788571428573,8.480891020408162,0.4698100897157657,0.6244155227625054,0,0
Dania,2012,937.0,33.0,0.04,0.0,471.0,33.0,0.28,0.02,970.0,0.04,504.0,0.3,33054.7,0.29845,1.7002977551020408,1.4914883673469388,5.3721,11.902084285714286,8.948930204081632,0.4513579194232366,0.6003063916567111,0,0
Dania,2013,1434.0,44.0,0.06,0.0,497.0,7.0,0.28,0.0,1478.0,0.06,504.0,0.28,33840.5,0.2968,1.6770614,1.4819854,5.3424000000000005,11.739429800000002,8.8919124,0.4550817280750722,0.6008156355656405,0,0
Dania,2014,2916.0,89.0,0.13,0.0,1569.0,21.0,0.83,0.01,3005.0,0.13,1590.0,0.84,34318.7,0.30385,1.646388571428571,1.4549069387755105,5.4693000000000005,11.52472,8.729441632653062,0.474571182640446,0.626534918286379,0,0
Dania,2015,7887.0,552.0,0.33,0.02,4133.0,123.0,2.0,0.06,8439.0,0.35,4256.0,2.06,35165.0,0.3055,1.5021897959183674,1.275766530612245,5.499,10.515328571428572,7.65459918367347,0.5229508486250684,0.7183916320176296,0,0
Dania,2016,8662.0,1095.0,0.35,0.04,1219.0,157.0,0.55,0.07,9757.0,0.3899999999999999,1376.0,0.6200000000000001,35992.7,0.3086,1.4134422,1.1671004,5.5548,9.8940954,7.002602400000001,0.5614257570227189,0.7932479502191927,0,0
Dania,2017,8764.0,1759.0,0.35,0.07,710.0,240.0,0.32,0.11,10523.0,0.42,950.0,0.43,37964.1,0.30295,1.4959422,1.2478294,5.4531,10.4715954,7.4869764,0.5207515943559088,0.728344756102076,0,0
Dania,2018,10037.0,5135.0,0.39,0.2,1502.0,3180.0,0.69,1.46,15172.0,0.5900000000000001,4682.0,2.15,38810.6,0.31245,1.5923,1.3737463999999997,5.6241,11.1461,8.242478399999998,0.5045800773364675,0.6823311784474925,0,0
Dania,2019,15504.0,9685.0,0.58,0.37,5487.0,3822.0,2.43,1.69,25189.0,0.95,9309.0,4.12,39393.0,0.2954,1.6078091836734694,1.3948214285714289,5.3172,11.254664285714286,8.368928571428572,0.4724441231667124,0.6353501472282678,0,0
Dania,2020,31886.0,29025.0,1.17,1.07,14185.0,18337.0,7.16,9.25,60911.0,2.24,32522.0,16.41,40054.4,0.2825999999999999,1.4491034,1.2153067999999998,5.086799999999999,10.1437238,7.291840799999999,0.5014726445923142,0.6976016261901933,1,0
Dania,2021,66610.0,77943.0,2.39,2.8,24832.0,40455.0,13.4,21.82,144553.0,5.19,65287.0,35.22,44240.3,0.3174,1.6712206122448978,1.421284693877551,5.7132000000000005,11.698544285714284,8.527708163265306,0.4883684551228047,0.6699572605698065,1,0
Dania,2022,112674.0,105030.0,4.03,3.76,30718.0,26425.0,20.71,17.81,217704.0,7.79,57143.0,38.52,48465.5,0.5215,2.088567843137255,1.9640845098039212,9.387,14.619974901960784,11.784507058823529,0.6420667657056678,0.7965543194249758,1,0
Dania,2023,200110.0,123066.0,7.0,4.3,62618.0,16665.0,36.24,9.64,323176.0,11.3,79283.0,45.88,48240.3,0.3682499999999999,1.974735192307692,1.7386709615384617,6.628499999999999,13.823146346153845,10.43202576923077,0.4795217987288628,0.6353991206147842,1,0
Dania,2024,344439.0,127567.0,12.02,4.45,89568.0,7092.0,51.72,4.09,472006.0,16.47,96660.0,55.81,51785.4,0.37355,1.997481172666553,1.7041064172377702,6.7239,13.982368208665871,10.224638503426622,0.4808842035666547,0.6576173815579489,1,0
Dania,2025,540981.0,127850.0,18.56,4.39,126532.0,4690.0,68.53,2.54,668831.0,22.95,131222.0,71.07000000000001,53940.8,0.33985,1.9640022827933408,1.7589007919139308,6.1173,13.748015979553388,10.553404751483583,0.4449587496187012,0.5796517942837394,2,0
Estonia,2008,,,,,0.0,0.0,,,,,0.0,,17679.1,0.0832,1.0495228571428572,1.1529983673469386,1.4975999999999998,7.34666,6.917990204081631,0.2038477348890516,0.2164790576194242,0,0
Estonia,2009,,,,,0.0,0.0,0.0,0.0,,,0.0,0.0,15453.9,0.0921,0.924646,0.9084428,1.6578,6.4725220000000006,5.4506568,0.2561289092567008,0.3041468323597259,0,0
Estonia,2010,,,,,0.0,0.0,0.0,0.0,,,0.0,0.0,16341.2,0.0987,1.1097244897959184,1.1043514285714289,1.7766000000000002,7.768071428571429,6.626108571428572,0.2287054150230338,0.2681211726080983,0,0
Estonia,2011,56.0,,0.01,,56.0,0.0,0.33,0.0,,,56.0,0.33,18339.7,0.10075,1.2383061224489795,1.265265306122449,1.8135,8.668142857142858,7.591591836734694,0.2092143645862517,0.2388827058937385,0,0
Estonia,2012,600.0,5.0,0.1,0.0,506.0,5.0,2.61,0.03,605.0,0.1,511.0,2.64,19342.5,0.11095,1.3611836734693876,1.371530612244898,1.9971,9.528285714285714,8.229183673469388,0.2095969894149749,0.242685068075292,0,0
Estonia,2013,708.0,10.0,0.11,0.0,116.0,5.0,0.59,0.03,718.0,0.11,121.0,0.62,20055.2,0.1359,1.311061224489796,1.320142857142857,2.4462,9.177428571428573,7.920857142857143,0.2665452507705239,0.3088302131803917,0,0
Estonia,2014,1067.0,36.0,0.16,0.01,316.0,18.0,1.5,0.09,1103.0,0.17,334.0,1.59,21055.0,0.1316,1.2751428571428571,1.2709591836734695,2.3688,8.926,7.625755102040816,0.265382030024647,0.3106315333108531,0,0
Estonia,2015,1099.0,48.0,0.16,0.01,37.0,14.0,0.18,0.07,1147.0,0.17,51.0,0.25,21398.6,0.12965,1.1081632653061224,1.0818775510204082,2.3337,7.757142857142857,6.491265306122449,0.3008453038674033,0.3595138836489851,0,0
Estonia,2016,1130.0,55.0,0.16,0.01,49.0,7.0,0.21,0.03,1185.0,0.17,56.0,0.24,22190.6,0.1222999999999999,1.05862,1.03116,2.2014,7.41034,6.186960000000001,0.2970713894369219,0.3558128709414639,0,0
Estonia,2017,1154.0,80.0,0.16,0.01,26.0,25.0,0.1,0.1,1234.0,0.17,51.0,0.2,23734.0,0.1263,1.18536,1.17478,2.2734,8.29752,7.048679999999999,0.273985479998843,0.3225284734162992,0,0
Estonia,2018,1258.0,119.0,0.17,0.02,100.0,39.0,0.38,0.15,1377.0,0.19,139.0,0.53,25227.3,0.1383,1.33234,1.30702,2.4894000000000003,9.32638,7.84212,0.266920284183145,0.3174396719254487,0,0
Estonia,2019,1466.0,147.0,0.18,0.02,80.0,23.0,0.29,0.08,1613.0,0.1999999999999999,103.0,0.37,26438.1,0.1384,1.339204081632653,1.3267755102040817,2.4912,9.37442857142857,7.96065306122449,0.2657441977415766,0.3129391496954408,0,0
Estonia,2020,1769.0,256.0,0.22,0.03,360.0,68.0,1.92,0.36,2025.0,0.25,428.0,2.28,25994.6,0.12635,1.25316,1.0956,2.2743,8.772120000000001,6.573599999999999,0.2592645791439241,0.3459748083242059,1,0
Estonia,2021,2260.0,420.0,0.27,0.05,503.0,164.0,2.25,0.73,2680.0,0.32,667.0,2.98,28242.8,0.16315,1.426489795918367,1.2383061224489795,2.9367,9.98542857142857,7.429836734693877,0.2940985435920913,0.3952576758903703,1,0
Estonia,2022,2989.0,644.0,0.35,0.08,712.0,424.0,3.3,1.97,3633.0,0.43,1136.0,5.27,30146.6,0.2353,1.851137254901961,1.7903921568627452,4.2354,12.957960784313729,10.74235294117647,0.3268569854854915,0.3942711641660278,1,0
Estonia,2023,4423.0,1173.0,0.5,0.13,1458.0,537.0,6.39,2.35,5596.0,0.63,1995.0,8.74,30454.9,0.2249499999999999,1.7165961538461538,1.6080192307692307,4.049099999999999,12.016173076923076,9.648115384615384,0.3369708453830654,0.4196778167119126,1,0
Estonia,2024,5743.0,2099.0,0.86,0.31,1320.0,1268.0,5.2,4.99,7842.0,1.17,2588.0,10.19,31583.4,0.2257,1.6737735849056603,1.5389245283018869,4.0626,11.716415094339622,9.23354716981132,0.3467442871636311,0.4399825901450412,1,0
Estonia,2025,10084.0,8021.0,1.49,1.19,868.0,1403.0,6.65,10.75,18105.0,2.68,2271.0,17.4,33279.1,0.23005,1.5590192307692308,1.4396346153846156,4.1409,10.913134615384616,8.637807692307693,0.3794418511215314,0.4793924740519095,2,0
Finlandia,2008,7.0,,,,0.0,0.0,,,,,0.0,,31104.6,0.1248,1.4456232653061225,1.2612883673469386,2.2464,10.119362857142857,7.567730204081632,0.2219902608210511,0.2968393348362777,0,0
Finlandia,2009,13.0,,,,0.0,0.0,0.0,0.0,,,0.0,0.0,28678.4,0.1292499999999999,1.2772444,0.9919876,2.3265,8.9407108,5.9519256,0.2602142102616717,0.390881902152809,0,0
Finlandia,2010,23.0,,,,13.0,0.0,0.01,0.0,,,13.0,0.01,29484.8,0.13475,1.4260102040816327,1.1342520408163266,2.4255,9.982071428571428,6.80551224489796,0.2429856385376639,0.3564022681493782,0,0
Finlandia,2011,56.0,,,,29.0,0.0,0.02,0.0,,,29.0,0.02,30438.2,0.15565,1.5597993877551022,1.367425918367347,2.8017000000000003,10.918595714285717,8.20455551020408,0.2565989320709348,0.3414810219170923,0,0
Finlandia,2012,109.0,128.0,0.0,0.0,51.0,128.0,0.05,0.12,237.0,0.0,179.0,0.1699999999999999,30084.2,0.1554,1.6707346938775511,1.5543469387755102,2.7972,11.69514285714286,9.32608163265306,0.2391762147900227,0.2999330383519556,0,0
Finlandia,2013,169.0,288.0,0.01,0.01,48.0,133.0,0.05,0.13,457.0,0.02,181.0,0.18,29828.9,0.15685,1.64302,1.5239200000000002,2.8233,11.50114,9.14352,0.2454800132856395,0.3087760512362853,0,0
Finlandia,2014,386.0,566.0,0.01,0.02,183.0,242.0,0.17,0.23,952.0,0.03,425.0,0.4,29773.7,0.15505,1.6073265306122448,1.4875102040816328,2.7909,11.251285714285714,8.925061224489797,0.2480516512398582,0.312703737240698,0,0
Finlandia,2015,657.0,1017.0,0.02,0.03,236.0,410.0,0.22,0.38,1674.0,0.05,646.0,0.6,30379.3,0.1541,1.4680816326530612,1.308673469387755,2.7738000000000005,10.27657142857143,7.85204081632653,0.2699149243772242,0.3532584795321638,0,0
Finlandia,2016,889.0,2437.0,0.03,0.07,231.0,1195.0,0.19,1.0,3326.0,0.1,1426.0,1.19,30955.1,0.1543,1.3808399999999998,1.20026,2.7774,9.66588,7.201559999999999,0.2873406249612037,0.3856664389382301,0,0
Finlandia,2017,1538.0,5719.0,0.05,0.17,517.0,2522.0,0.44,2.13,7257.0,0.22,3039.0,2.57,32444.6,0.1589999999999999,1.4643199999999998,1.30202,2.862,10.250239999999998,7.81212,0.2792129745254745,0.3663538194497779,0,0
Finlandia,2018,2500.0,13095.0,0.07,0.38,807.0,4886.0,0.67,4.05,15595.0,0.45,5693.0,4.72,33393.2,0.1655,1.52234,1.40042,2.979,10.65638,8.402519999999999,0.2795508418431024,0.354536496193999,0,0
Finlandia,2019,4830.0,24703.0,0.14,0.7,1897.0,5983.0,1.66,5.24,29533.0,0.84,7880.0,6.9,33999.7,0.17585,1.5240816326530613,1.4079795918367346,3.1653,10.668571428571427,8.447877551020408,0.2966938939475094,0.3746858285863373,0,0
Finlandia,2020,9959.0,45620.0,0.28,1.26,4244.0,13231.0,4.4,13.73,55579.0,1.54,17475.0,18.130000000000003,34039.9,0.17565,1.41178,1.2552,3.1617,9.88246,7.5312,0.3199304626580831,0.4198135755258126,1,0
Finlandia,2021,23497.0,76990.0,0.65,2.11,10151.0,20163.0,10.31,20.48,100487.0,2.76,30314.0,30.79,36222.4,0.18035,1.6736122448979591,1.5153571428571428,3.2463,11.715285714285717,9.092142857142855,0.2770995158949846,0.357044543954749,1,0
Finlandia,2022,44889.0,104038.0,1.2,2.78,14529.0,16174.0,17.79,19.8,148927.0,3.98,30703.0,37.59,38350.4,0.2203999999999999,2.108627450980392,2.1218039215686275,3.9672,14.760392156862745,12.730823529411763,0.2687733467945482,0.3116216316120208,1,0
Finlandia,2023,83762.0,135105.0,2.22,3.58,29671.0,18085.0,33.91,20.67,218867.0,5.800000000000001,47756.0,54.58,39690.3,0.248,1.9292307692307693,1.937942307692308,4.464,13.504615384615384,11.627653846153846,0.3305536568694464,0.3839123574767051,1,0
Finlandia,2024,118297.0,166848.0,3.13,4.41,21868.0,14863.0,29.53,20.07,285145.0,7.54,36731.0,49.6,40871.6,0.2404,1.8016415094339624,1.7658113207547168,4.3272,12.611490566037736,10.594867924528302,0.343115667203763,0.4084241569431979,1,0
Finlandia,2025,164705.0,187039.0,4.31,4.9,26721.0,14513.0,37.18,20.19,351744.0,9.21,41234.0,57.370000000000005,42070.4,0.2264999999999999,1.7066335530411618,1.654171026889777,4.077,11.946434871288131,9.92502616133866,0.3412733626329471,0.4107797736474787,2,0
Francja,2008,2602.0,,,,0.0,0.0,,,,,0.0,,27310.5,0.1208,1.365462857142857,1.278917551020408,2.1744,9.55824,7.673505306122449,0.2274895796715713,0.2833646310591737,0,0
Francja,2009,2599.0,,0.01,,10.0,0.0,0.0,0.0,,,10.0,0.0,26292.5,0.12065,1.2092919999999998,1.00222,2.1717,8.465043999999999,6.01332,0.2565491685571865,0.3611482508830396,0,0
Francja,2010,2604.0,,0.01,,134.0,0.0,0.01,0.0,,,134.0,0.01,27301.3,0.13165,1.342614081632653,1.1426489795918366,2.3697,9.39829857142857,6.85589387755102,0.252141383037568,0.3456442066233492,0,0
Francja,2011,5293.0,,0.02,,2630.0,0.0,0.12,0.0,,,2630.0,0.12,28075.6,0.1402499999999999,1.4981204081632653,1.3325326530612245,2.5245,10.486842857142856,7.995195918367347,0.2407302211342375,0.3157521123654357,0,0
Francja,2012,7071.0,666.0,0.02,0.0,5663.0,668.0,0.3,0.04,7737.0,0.02,6331.0,0.3399999999999999,27944.5,0.14465,1.5664159183673472,1.3968755102040815,2.6037,10.96491142857143,8.38125306122449,0.2374574584538367,0.3106576046541187,0,0
Francja,2013,16165.0,1466.0,0.04,0.0,8583.0,810.0,0.49,0.05,17631.0,0.04,9393.0,0.54,28708.1,0.156,1.538434,1.351036,2.808,10.769038,8.106216,0.2607475245235461,0.3464008360991121,0,0
Francja,2014,25950.0,2985.0,0.07,0.01,11139.0,1011.0,0.63,0.06,28935.0,0.08,12150.0,0.69,28953.5,0.16435,1.4919118367346935,1.2925179591836733,2.9583,10.443382857142856,7.75510775510204,0.2832702813319384,0.3814647189207334,0,0
Francja,2015,41901.0,8025.0,0.11,0.02,17741.0,5043.0,0.94,0.27,49926.0,0.13,22784.0,1.21,29516.0,0.1679,1.356370612244898,1.1548863265306122,3.0222,9.494594285714284,6.929317959183673,0.3183074399026453,0.4361468210582789,0,0
Francja,2016,61338.0,14492.0,0.16,0.04,23011.0,6457.0,1.16,0.33,75830.0,0.2,29468.0,1.49,29858.6,0.1698,1.3011674,1.1017592,3.0564,9.1081718,6.6105552,0.3355667928881183,0.462351482973775,0,0
Francja,2017,82481.0,25295.0,0.22,0.07,26509.0,10549.0,1.27,0.51,107776.0,0.29,37058.0,1.78,30585.2,0.173,1.375376,1.2300448,3.114,9.627632,7.3802688,0.3234440202949177,0.4219358514421588,0,0
Francja,2018,106489.0,38734.0,0.28,0.1,32209.0,13389.0,1.51,0.63,145223.0,0.38,45598.0,2.14,31463.5,0.17735,1.5071972,1.4367702,3.1923000000000004,10.5503804,8.6206212,0.302576767753322,0.3703097405555878,0,0
Francja,2019,141357.0,57294.0,0.37,0.15,42933.0,18549.0,1.98,0.85,198651.0,0.52,61482.0,2.83,33247.6,0.18455,1.5049191836734692,1.4386797959183673,3.3219,10.534434285714283,8.632078775510204,0.3153372938597014,0.384831983858217,0,0
Francja,2020,245106.0,132309.0,0.64,0.34,110909.0,74587.0,6.72,4.52,377415.0,0.98,185496.0,11.239999999999998,31555.5,0.19255,1.356537,1.2604958,3.4659,9.495759,7.562974799999999,0.3649945201852742,0.4582720545360009,1,0
Francja,2021,470452.0,273600.0,1.21,0.71,162105.0,141439.0,9.77,8.53,744052.0,1.92,303544.0,18.3,33443.0,0.1984,1.5529438775510205,1.4310875510204082,3.5712,10.870607142857144,8.58652530612245,0.3285189091159975,0.415907468117939,1,0
Francja,2022,690093.0,411593.0,1.76,1.05,202868.0,126166.0,13.27,8.25,1101686.0,2.81,329034.0,21.52,35145.8,0.2148,1.808916862745098,1.8445715686274509,3.8664,12.662418039215686,11.067429411764705,0.3053445232992391,0.349349415853514,1,0
Francja,2023,916082.0,574602.0,2.32,1.45,296902.0,161999.0,16.73,9.13,1490684.0,3.77,458901.0,25.86,38055.1,0.24455,1.880760576923077,1.7951121153846157,4.4019,13.16532403846154,10.770672692307691,0.334355613818556,0.4086931360511765,1,0
Francja,2024,1218319.0,721450.0,3.08,1.83,290748.0,146392.0,16.92,8.52,1939769.0,4.91,437140.0,25.44,39294.2,0.28865,1.8208333962264152,1.6954111320754717,5.1957,12.745833773584906,10.17246679245283,0.4076390836641715,0.5107610676944948,1,0
Francja,2025,1543440.0,825313.0,3.88,2.08,327224.0,108619.0,20.05,6.65,2368753.0,5.96,435843.0,26.700000000000003,40716.0,0.2616,1.7259417999230768,1.6185617665384613,4.7088,12.081592599461535,9.711370599230769,0.3897499407660763,0.4848749156347695,2,0
Grecja,2008,,,,,0.0,0.0,,,,,0.0,,23623.4,0.1073,1.1280204081632652,1.2229183673469388,1.9314,7.896142857142856,7.337510204081633,0.244600437826787,0.2632228025966657,0,0
Grecja,2009,,,,,0.0,0.0,0.0,0.0,,,0.0,0.0,22620.2,0.1093,0.99616,0.96626,1.9674,6.97312,5.79756,0.2821405626175944,0.3393496574420963,0,0
Grecja,2010,1.0,,0.0,,0.0,0.0,0.0,0.0,,,0.0,0.0,21075.8,0.1196,1.4298163265306123,1.243,2.1528,10.008714285714284,7.458,0.2150925621958008,0.2886564762670957,0,0
Grecja,2011,1.0,,0.0,,0.0,0.0,0.0,0.0,,,0.0,0.0,19146.0,0.1244,1.6665714285714286,1.471469387755102,2.2392,11.666,8.828816326530612,0.1919423967083833,0.2536240326204543,0,0
Grecja,2012,2.0,,0.0,,1.0,1.0,0.0,0.0,,,2.0,0.0,18153.6,0.14045,1.7497755102040815,1.5352244897959184,2.5281,12.248428571428573,9.21134693877551,0.2064019874269585,0.2744549756733045,0,0
Grecja,2013,3.0,,0.0,,3.0,,0.01,,,,,,18572.7,0.1629999999999999,1.6926734693877552,1.3924489795918369,2.934,11.848714285714289,8.35469387755102,0.2476218034506455,0.3511798329180712,0,0
Grecja,2014,45.0,17.0,0.0,0.0,44.0,,0.06,,62.0,0.0,,,18958.3,0.1775999999999999,1.653061224489796,1.350591836734694,3.1968,11.571428571428571,8.103551020408165,0.2762666666666666,0.3944937215733086,0,0
Grecja,2015,84.0,40.0,0.0,0.0,43.0,8.0,0.06,0.01,124.0,0.0,51.0,0.0699999999999999,19131.7,0.1769,1.4805714285714286,1.1765714285714286,3.1842,10.364,7.059428571428572,0.3072365881898881,0.451056338028169,0,0
Grecja,2016,114.0,53.0,0.0,0.0,28.0,6.0,0.04,0.01,167.0,0.0,34.0,0.05,19106.0,0.17195,1.39374,1.07182,3.0951,9.75618,6.43092,0.3172450692791645,0.4812841708495829,0,0
Grecja,2017,148.0,207.0,0.0,0.0,58.0,120.0,0.07,0.14,355.0,0.0,178.0,0.21,19700.8,0.16655,1.51092,1.26372,2.9979,10.57644,7.582319999999999,0.2834507641512645,0.395380305763935,0,0
Grecja,2018,215.0,366.0,0.0,0.01,108.0,155.0,0.1,0.15,581.0,0.01,263.0,0.25,20203.0,0.1659,1.5969,1.38646,2.9862,11.1783,8.318760000000001,0.2671425887657336,0.3589717698310805,0,0
Grecja,2019,426.0,570.0,0.01,0.01,190.0,289.0,0.17,0.25,996.0,0.02,479.0,0.42,20765.1,0.1573,1.585714285714286,1.3804285714285711,2.8314,11.1,8.282571428571428,0.255081081081081,0.3418503570319776,0,0
Grecja,2020,1104.0,2031.0,0.02,0.04,678.0,1461.0,0.84,1.81,3135.0,0.06,2139.0,2.65,18866.4,0.16575,1.44518,1.1873399999999998,2.9835000000000003,10.11626,7.124039999999999,0.2949212455986699,0.4187932689878216,1,0
Grecja,2021,3280.0,6823.0,0.06,0.12,2120.0,4811.0,2.1,4.76,10103.0,0.18,6931.0,6.859999999999999,21245.7,0.1827,1.646204081632653,1.372938775510204,3.2886,11.523428571428571,8.237632653061224,0.28538381434097,0.3992166364420133,1,0
Grecja,2022,6306.0,12269.0,0.11,0.22,2644.0,5322.0,2.51,5.05,18575.0,0.33,7966.0,7.56,24026.4,0.2269499999999999,2.051176470588235,1.869,4.0851,14.358235294117645,11.214,0.2845126797492728,0.3642857142857142,1,0
Grecja,2023,12315.0,20643.0,0.21,0.36,6050.0,8754.0,4.5,6.51,32958.0,0.57,14804.0,11.01,26263.1,0.2318,1.9020192307692307,1.6988653846153845,4.1724,13.314134615384615,10.193192307692309,0.3133812388511341,0.4093320202397528,1,0
Grecja,2024,17987.0,27290.0,0.3,0.45,8707.0,8344.0,5.92,5.67,45277.0,0.75,17051.0,11.59,27373.2,0.2264499999999999,1.8548490566037736,1.6276037735849056,4.076099999999999,12.983943396226415,9.765622641509434,0.3139339009429643,0.4173927408042845,1,0
Grecja,2025,30789.0,38323.0,0.5,0.62,8863.0,11670.0,6.15,8.09,69112.0,1.12,20533.0,14.24,28469.9,0.2343,1.7605384615384614,1.55,4.2174000000000005,12.32376923076923,9.3,0.3422167293972249,0.4534838709677419,2,0
Hiszpania,2008,,,,,0.0,0.0,,,,,0.0,,25864.6,0.14615,1.1317216326530612,1.1507604081632654,2.6307,7.922051428571429,6.9045624489795925,0.3320730777525879,0.3810089371251591,0,0
Hiszpania,2009,,,,,1.0,0.0,0.0,0.0,,,1.0,0.0,24320.0,0.16305,1.0062034,0.9129636,2.9349,7.043423799999999,5.4777816,0.4166865551949323,0.5357825876080929,0,0
Hiszpania,2010,,,,,73.0,0.0,0.01,0.0,,,73.0,0.01,24085.9,0.17895,1.16218306122449,1.0745320408163266,3.2211,8.13528142857143,6.447192244897959,0.3959420492433573,0.4996128357346634,0,0
Hiszpania,2011,568.0,,0.0,,568.0,8.0,0.07,0.0,,,576.0,0.07,23861.2,0.20345,1.3174802040816325,1.2668979591836735,3.662100000000001,9.222361428571428,7.601387755102041,0.3970891867948913,0.4817672927607204,0,0
Hiszpania,2012,1023.0,109.0,0.0,0.0,443.0,109.0,0.06,0.02,1132.0,0.0,552.0,0.08,23546.6,0.22325,1.425644285714286,1.3663665306122448,4.0185,9.97951,8.198199183673468,0.4026750812414637,0.490168622397313,0,0
Hiszpania,2013,2021.0,190.0,0.01,0.0,936.0,73.0,0.13,0.01,2211.0,0.01,1009.0,0.14,23552.4,0.22505,1.4311422916666667,1.3585479591836735,4.0509,10.017996041666668,8.151287755102041,0.4043623079058497,0.4969644210467809,0,0
Hiszpania,2014,2832.0,612.0,0.01,0.0,1085.0,306.0,0.12,0.03,3444.0,0.01,1391.0,0.15,24212.7,0.2266,1.3926463265306122,1.3109222448979592,4.0788,9.748524285714286,7.865533469387754,0.4184017888714878,0.5185662251485518,0,0
Hiszpania,2015,5243.0,1368.0,0.02,0.01,1461.0,761.0,0.14,0.07,6611.0,0.03,2222.0,0.21,25351.1,0.23395,1.2317565306122449,1.1203361224489796,4.2111,8.622295714285714,6.722016734693877,0.4883966103160792,0.6264637780899209,0,0
Hiszpania,2016,5756.0,3131.0,0.03,0.01,2211.0,1507.0,0.19,0.13,8887.0,0.04,3718.0,0.32,26145.0,0.2234499999999999,1.149463,1.0119598,4.0221,8.046240999999998,6.0717588000000005,0.4998731705898445,0.6624274995903987,0,0
Hiszpania,2017,9681.0,6583.0,0.04,0.03,4084.0,3316.0,0.32,0.26,16264.0,0.07,7400.0,0.5800000000000001,27390.8,0.22365,1.2168797999999998,1.0995724,4.0257000000000005,8.5181586,6.5974344,0.4726021419699793,0.6101917436268863,0,0
Hiszpania,2018,15865.0,12295.0,0.07,0.05,6135.0,5529.0,0.45,0.41,28160.0,0.12,11664.0,0.86,27853.5,0.243,1.2926786,1.2061668,4.374,9.0487502,7.237000799999999,0.4833816718688952,0.6043940191356619,0,0
Hiszpania,2019,26197.0,19722.0,0.11,0.08,10427.0,7425.0,0.8,0.57,45919.0,0.19,17852.0,1.37,28663.4,0.23985,1.2972826530612245,1.2141265306122448,4.3173,9.080978571428572,7.284759183673469,0.4754223309791188,0.5926482799425808,0,0
Hiszpania,2020,43203.0,43481.0,0.17,0.18,18233.0,23759.0,2.14,2.79,86684.0,0.35,41992.0,4.93,25131.2,0.22685,1.1779389999999998,1.0731152,4.0833,8.245572999999998,6.438691199999999,0.4952111878701456,0.6341816796556419,1,0
Hiszpania,2021,66085.0,81355.0,0.27,0.33,24230.0,43069.0,2.82,5.01,147440.0,0.6000000000000001,67299.0,7.83,28285.0,0.25695,1.3802679591836735,1.2452332653061224,4.6251,9.661875714285715,7.471399591836734,0.4786958699087266,0.6190406420041291,1,0
Hiszpania,2022,95617.0,121285.0,0.38,0.48,31412.0,47925.0,3.86,5.89,216902.0,0.86,79337.0,9.75,31781.2,0.32105,1.7809982352941176,1.79491,5.7789,12.466987647058824,10.76946,0.4635361936340205,0.5366007209275117,1,0
Hiszpania,2023,150282.0,180253.0,0.59,0.71,54845.0,62171.0,5.78,6.55,330535.0,1.2999999999999998,117016.0,12.33,34768.5,0.2400499999999999,1.6360392307692306,1.560988076923077,4.3209,11.452274615384614,9.365928461538465,0.3772962267421917,0.461342409110206,1,0
Hiszpania,2024,181784.0,235506.0,0.68,0.88,58856.0,58485.0,5.79,5.75,417290.0,1.56,117341.0,11.54,36413.1,0.2422,1.5777730188679244,1.4709988679245285,4.3596,11.04441113207547,8.825993207547171,0.3947335849657692,0.4939500742275753,1,0
Hiszpania,2025,281653.0,360453.0,1.05,1.35,105568.0,125827.0,9.19,10.96,642106.0,2.4000000000000004,231395.0,20.15,38135.7,0.26405,1.4954922028846154,1.425459285057692,4.7529,10.468445420192309,8.552755710346153,0.4540215675989729,0.5557156267482867,2,0
Holandia,2008,,,,,0.0,0.0,,,,,0.0,,36251.2,0.17835,1.542734693877551,1.301408163265306,3.2103,10.799142857142858,7.808448979591836,0.2972735931423129,0.4111315843121266,0,0
Holandia,2009,,,,,28.0,2.0,0.01,0.0,,,30.0,0.01,33941.7,0.1942499999999999,1.35148,1.00276,3.4965,9.46036,6.01656,0.3695948145736525,0.5811460369380509,0,0
Holandia,2010,,,,,86.0,0.0,0.02,0.0,,,86.0,0.02,34297.2,0.1778,1.4929795918367348,1.154469387755102,3.2004,10.450857142857144,6.926816326530612,0.306233254961999,0.4620304407007372,0,0
Holandia,2011,,,,,849.0,15.0,0.15,0.0,,,864.0,0.15,35027.4,0.18015,1.6389526530612242,1.3470310204081637,3.2427,11.472668571428567,8.08218612244898,0.2826456617142755,0.401215704621441,0,0
Holandia,2012,2100.0,,0.03,,828.0,4326.0,0.16,0.86,,,5154.0,1.02,35189.9,0.1857,1.760408163265306,1.445408163265306,3.3426,12.322857142857142,8.672448979591836,0.2712520287502898,0.3854274620543593,0,0
Holandia,2013,4161.0,24512.0,0.05,0.31,3118.0,19673.0,0.75,4.72,28673.0,0.36,22791.0,5.47,35818.4,0.1901499999999999,1.7383,1.4221400000000002,3.4227,12.1681,8.53284,0.2812846705730558,0.4011208460489122,0,0
Holandia,2014,6825.0,36937.0,0.09,0.46,3238.0,11828.0,0.84,3.05,43762.0,0.55,15066.0,3.89,35659.4,0.1821,1.7019032653061223,1.408617551020408,3.2778,11.913322857142855,8.451705306122449,0.2751373432337338,0.3878270575318745,0,0
Holandia,2015,9962.0,78163.0,0.12,0.96,3797.0,39150.0,0.85,8.72,88125.0,1.08,42947.0,9.57,36639.1,0.1916,1.56334693877551,1.2366920408163269,3.4488,10.943428571428573,7.420152244897959,0.3151480340452195,0.4647883070554743,0,0
Holandia,2016,13709.0,96156.0,0.17,1.17,4025.0,18775.0,1.05,4.91,109865.0,1.34,22800.0,5.96,36929.7,0.1606,1.477,1.13246,2.8908000000000005,10.339,6.79476,0.2796015088499855,0.425445490348445,0,0
Holandia,2017,21842.0,97047.0,0.26,1.16,7961.0,1165.0,1.92,0.28,118889.0,1.42,9126.0,2.2,38491.7,0.1615,1.55211,1.2206154,2.907,10.86477,7.3236924,0.2675620376685378,0.3969309251710243,0,0
Holandia,2018,44581.0,94668.0,0.53,1.12,24033.0,2820.0,5.42,0.64,139249.0,1.65,26853.0,6.06,39886.4,0.178,1.6245120000000002,1.339495,3.204,11.371584000000002,8.03697,0.2817549428470122,0.3986577030895971,0,0
Holandia,2019,106232.0,91887.0,1.22,1.06,61696.0,4931.0,13.86,1.11,198119.0,2.28,66627.0,14.97,40548.0,0.2055,1.6481224489795918,1.356591836734694,3.699,11.536857142857142,8.139551020408165,0.320624582084747,0.4544476704827523,0,0
Holandia,2020,173797.0,98403.0,1.98,1.12,73129.0,15933.0,20.43,4.45,272200.0,3.1,89062.0,24.88,39986.8,0.1392,1.565,1.2382,2.5056,10.955,7.4292,0.2287174806024646,0.3372637699886932,1,0
Holandia,2021,245091.0,138145.0,2.78,1.56,64419.0,31049.0,19.89,9.59,383236.0,4.34,95468.0,29.48,43741.8,0.136,1.8178571428571428,1.4643877551020408,2.4480000000000004,12.725,8.786326530612245,0.19237721021611,0.2786147306807888,1,0
Holandia,2022,330113.0,186945.0,3.71,2.1,73126.0,34411.0,23.32,10.97,517058.0,5.8100000000000005,107537.0,34.29,48540.1,0.0877,2.0738768627450983,1.9560986274509804,1.5786,14.517138039215688,11.736591764705882,0.108740441520613,0.1345024204341114,1,0
Holandia,2023,444669.0,262332.0,4.98,2.94,113587.0,46920.0,30.52,12.61,707001.0,7.92,160507.0,43.13,50216.4,0.3029,1.9220192307692308,1.71475,5.4522,13.454134615384616,10.2885,0.4052434553290024,0.5299314768916753,1,0
Holandia,2024,557742.0,372538.0,6.03,4.03,132166.0,52576.0,34.45,13.71,930280.0,10.06,184742.0,48.16,53149.4,0.2353,1.9701509433962263,1.7253584905660375,4.2354,13.791056603773583,10.352150943396229,0.3071120742729086,0.4091323651633787,1,0
Holandia,2025,680605.0,518145.0,7.23,5.5,156139.0,73445.0,40.2,18.91,1198750.0,12.73,229584.0,59.11,55152.1,0.24755,1.9230509615384612,1.6942886538461537,4.455900000000001,13.46135673076923,10.165731923076924,0.3310141829771845,0.4383255464257124,2,0
Irlandia,2008,,,,,0.0,0.0,,,,,0.0,,34204.1,0.1901,1.236714285714286,1.2884897959183672,3.4218,8.657000000000002,7.730938775510204,0.395263948249971,0.4426111885453623,0,0
Irlandia,2009,,,,,2.0,0.0,0.0,0.0,,,2.0,0.0,31276.3,0.19425,1.10572,1.02198,3.4965,7.74004,6.131880000000001,0.4517418514632999,0.5702166382903775,0,0
Irlandia,2010,18.0,,0.0,,18.0,0.0,0.02,0.0,,,18.0,0.02,32659.9,0.18395,1.3004897959183672,1.219204081632653,3.3111,9.103428571428571,7.315224489795918,0.3637201054547737,0.4526313586983814,0,0
Irlandia,2011,64.0,,0.0,,46.0,0.0,0.05,0.0,,,46.0,0.05,33863.3,0.19935,1.4814857142857143,1.412538775510204,3.5883,10.3704,8.475232653061223,0.3460136542467021,0.4233866074111746,0,0
Irlandia,2012,193.0,,0.01,,139.0,0.0,0.17,0.0,,,139.0,0.17,34448.0,0.2222,1.615922244897959,1.5513971428571431,3.9996,11.311455714285716,9.30838285714286,0.353588441755444,0.4296772126138834,0,0
Irlandia,2013,280.0,1.0,0.01,0.0,167.0,7.0,0.22,0.01,281.0,0.01,174.0,0.23,35185.4,0.235,1.5880978,1.5138264,4.23,11.1166846,9.0829584,0.3805091312926157,0.4657072964244777,0,0
Irlandia,2014,560.0,36.0,0.03,0.0,224.0,29.0,0.27,0.03,596.0,0.03,253.0,0.3,37694.1,0.2471499999999999,1.5298546938775512,1.4582534693877551,4.4487,10.70898285714286,8.74952081632653,0.4154176040194826,0.5084507018600108,0,0
Irlandia,2015,1120.0,135.0,0.05,0.01,489.0,83.0,0.38,0.06,1255.0,0.06,572.0,0.44,51462.7,0.244,1.369,1.259204081632653,4.392,9.583,7.555224489795918,0.4583115934467285,0.5813195896338794,0,0
Irlandia,2016,1700.0,416.0,0.08,0.02,420.0,253.0,0.28,0.17,2116.0,0.1,673.0,0.45,50754.0,0.2329,1.283018,1.1476,4.1922,8.981126,6.8856,0.4667788871907598,0.6088358313001045,0,0
Irlandia,2017,2770.0,739.0,0.13,0.03,627.0,303.0,0.47,0.23,3509.0,0.16,930.0,0.7,55280.2,0.2329999999999999,1.3638,1.2434,4.194,9.5466,7.4604,0.4393187103261894,0.5621682483512949,0,0
Irlandia,2018,4610.0,1631.0,0.21,0.07,1248.0,709.0,0.97,0.55,6241.0,0.28,1957.0,1.52,58626.5,0.2454,1.4378,1.34118,4.4172,10.0646,8.047080000000001,0.4388848041650935,0.5489196081062944,0,0
Irlandia,2019,8590.0,2947.0,0.38,0.13,3455.0,1359.0,2.74,1.08,11537.0,0.51,4814.0,3.82,59944.4,0.24845,1.4032102040816328,1.3209,4.4721,9.82247142857143,7.9254,0.4552927470973991,0.5642743583920055,0,0
Irlandia,2020,12720.0,5659.0,0.55,0.25,4010.0,2494.0,4.46,2.78,18379.0,0.8,6504.0,7.24,62296.2,0.25125,1.2910339999999998,1.1986684,4.522499999999999,9.037238,7.192010400000001,0.5004294453681534,0.6288227836822926,1,0
Irlandia,2021,21440.0,17570.0,0.93,0.76,8703.0,7907.0,8.32,7.56,39010.0,1.69,16610.0,15.88,74720.4,0.27645,1.5149940816326533,1.4141591836734697,4.9761,10.604958571428572,8.484955102040818,0.469223898092954,0.5864615593314263,1,0
Irlandia,2022,36970.0,25318.0,1.57,1.07,15706.0,7783.0,14.91,7.39,62288.0,2.64,23489.0,22.3,86108.3,0.27745,1.8506117647058824,1.8928901960784312,4.9941,12.954282352941176,11.357341176470587,0.3855173033854805,0.4397243969694647,1,0
Irlandia,2023,59400.0,35785.0,2.5,1.5,22869.0,10348.0,18.77,8.49,95185.0,4.0,33217.0,27.26,82972.1,0.32645,1.6778269230769232,1.6601076923076925,5.8761,11.744788461538462,9.960646153846154,0.5003155245616304,0.5899316077733604,1,0
Irlandia,2024,72640.0,41933.0,2.87,1.65,17459.0,12538.0,14.39,10.34,114573.0,4.52,29997.0,24.73,88342.7,0.2818,1.7484169811320756,1.7002924528301888,5.0724,12.238918867924529,10.201754716981132,0.4144483720121413,0.4972085823193568,1,0
Irlandia,2025,95123.0,60653.0,3.76,2.4,23605.0,18917.0,18.89,15.14,155776.0,6.16,42522.0,34.03,93359.9,0.36365,1.736653846153846,1.7069653846153847,6.5457,12.156576923076925,10.241792307692307,0.5384492724735899,0.6391166510068476,2,0
Islandia,2012,31.0,9.0,0.01,0.0,17.0,12.0,0.21,0.15,40.0,0.01,29.0,0.36,32044.0,0.1137,,,2.0466,,,,,0,0
Islandia,2013,111.0,32.0,0.05,0.02,53.0,19.0,0.73,0.26,143.0,0.07,72.0,0.99,32898.3,0.10625,,,1.9125,,,,,0,0
Islandia,2014,305.0,61.0,0.14,0.03,134.0,37.0,1.41,0.39,366.0,0.17,171.0,1.7999999999999998,33929.2,0.11455,,,2.0619,,,,,0,0
Islandia,2015,691.0,227.0,0.33,0.11,256.0,146.0,1.82,1.04,918.0,0.44,402.0,2.8600000000000003,36442.9,0.1231,,,2.2158,,,,,0,0
Islandia,2016,1066.0,1007.0,0.5,0.48,226.0,618.0,1.23,3.35,2073.0,0.98,844.0,4.58,38371.4,0.1395,,,2.511,,,,,0,0
Islandia,2017,1910.0,3188.0,0.74,1.24,842.0,2116.0,3.25,8.17,5098.0,1.98,2958.0,11.42,39430.0,0.1558,,,2.8044,,,,,0,0
Islandia,2018,2684.0,6051.0,1.0,2.26,768.0,2669.0,3.62,12.57,8735.0,3.26,3437.0,16.19,40192.1,0.1501,,,2.7018000000000004,,,,,0,0
Islandia,2019,3749.0,8003.0,1.39,2.97,1139.0,1734.0,8.35,12.72,11752.0,4.36,2873.0,21.07,40841.8,0.143,,,2.5740000000000003,,,,,0,0
Islandia,2020,5499.0,9698.0,2.04,3.6,2530.0,2268.0,27.0,24.21,15197.0,5.640000000000001,4798.0,51.21,37357.2,0.12945,,,2.3301000000000003,,,,,1,0
Islandia,2021,10852.0,15655.0,3.75,5.42,4266.0,4881.0,33.45,38.27,26507.0,9.17,9147.0,71.72,41216.5,0.1371,,,2.4678,,,,,1,0
Islandia,2022,17716.0,20692.0,6.25,7.29,6851.0,5037.0,41.2,30.29,38408.0,13.54,11888.0,71.49000000000001,48802.5,0.1538999999999999,,,2.7702,,,,,1,0
Islandia,2023,25665.0,21750.0,8.44,7.15,10063.0,2179.0,57.36,12.42,47415.0,15.59,12242.0,69.78,52215.5,0.15725,,,2.8305,,,,,1,0
Islandia,2024,30218.0,24384.0,9.69,7.82,2661.0,1684.0,25.99,16.45,54602.0,17.509999999999998,4345.0,42.44,52398.9,0.1758,,,3.1644,,,,,1,0
Islandia,2025,36122.0,27632.0,11.49,8.79,5999.0,2951.0,41.22,20.28,63754.0,20.28,8950.0,61.5,53168.0,0.2019,,,3.6342,,,,,2,0
Litwa,2008,,,,,0.0,0.0,,,,,0.0,,16091.7,0.08625,1.0388579591836735,1.102434081632653,1.5524999999999998,7.272005714285715,6.6146044897959175,0.2134899312510362,0.234707910714084,0,0
Litwa,2009,,,,,0.0,0.0,0.0,0.0,,,0.0,0.0,13722.4,0.09385,1.0220133999999998,0.8892316000000001,1.6893,7.154093799999999,5.335389600000001,0.2361305354984303,0.3166216765126205,0,0
Litwa,2010,,,,,0.0,0.0,0.0,0.0,,,0.0,0.0,15009.4,0.1186,1.1759044897959183,1.0173281632653062,2.1348,8.231331428571428,6.103968979591837,0.2593505095165996,0.3497396541721532,0,0
Litwa,2011,,,,,0.0,0.0,0.0,0.0,,,0.0,0.0,16917.2,0.12175,1.3190483673469389,1.234648775510204,2.1915,9.233338571428572,7.407892653061224,0.2373464357498301,0.295833120515642,0,0
Litwa,2012,,,,,0.0,0.0,0.0,0.0,,,0.0,0.0,18141.8,0.1264,1.4119410204081633,1.3310489795918368,2.2752000000000003,9.883587142857143,7.98629387755102,0.2301998218980934,0.2848880888788036,0,0
Litwa,2013,2.0,4.0,0.0,0.0,,,,,6.0,0.0,,,19173.6,0.13805,1.3758385999999998,1.3230238,2.4849,9.6308702,7.9381428,0.2580140681368544,0.3130329174728376,0,0
Litwa,2014,70.0,14.0,0.01,0.0,,,,,84.0,0.01,,,20073.2,0.13245,1.320510816326531,1.269916530612245,2.3841,9.243575714285717,7.6194991836734705,0.257919670232747,0.3128945804087075,0,0
Litwa,2015,169.0,28.0,0.01,0.0,15.0,,0.01,,197.0,0.01,,,20741.3,0.1249499999999999,1.1600551020408163,1.0745330612244897,2.2491,8.120385714285714,6.447198367346938,0.2769696020773116,0.3488492011337815,0,0
Litwa,2016,358.0,44.0,0.03,0.0,60.0,11.0,0.04,0.01,402.0,0.03,71.0,0.05,21376.1,0.1201,1.0636748,0.9471306,2.1618,7.4457236,5.6827836,0.2903411563652456,0.3804121627999349,0,0
Litwa,2017,619.0,241.0,0.05,0.02,49.0,19.0,0.03,0.01,860.0,0.07,68.0,0.04,23073.2,0.11115,1.1314138,1.0288810000000002,2.0007,7.9198966,6.173286000000001,0.2526169344180579,0.3240899579251633,0,0
Litwa,2018,965.0,671.0,0.07,0.05,152.0,42.0,0.09,0.02,1636.0,0.12,194.0,0.11,24746.4,0.1097,1.2162214,1.1500966,1.9746,8.5135498,6.9005796,0.2319361542937119,0.2861498764538561,0,0
Litwa,2019,1395.0,1172.0,0.09,0.08,169.0,52.0,0.1,0.03,2567.0,0.1699999999999999,221.0,0.13,26382.0,0.12545,1.2013877551020409,1.1413,2.2581,8.409714285714285,6.847799999999999,0.268510905755249,0.3297555419258741,0,0
Litwa,2020,2475.0,1951.0,0.16,0.12,453.0,62.0,1.13,0.15,4426.0,0.28,515.0,1.2799999999999998,26359.5,0.13735,1.0973624,0.9957898,2.4723,7.6815368,5.974738800000001,0.3218496590421854,0.4137921477002476,1,0
Litwa,2021,4831.0,3206.0,0.3,0.2,1134.0,70.0,3.61,0.22,8037.0,0.5,1204.0,3.83,29277.0,0.14125,1.282711224489796,1.1795610204081632,2.5424999999999995,8.978978571428572,7.0773661224489794,0.2831613840899815,0.3592438141550064,1,0
Litwa,2022,7305.0,4942.0,0.44,0.3,1318.0,740.0,5.16,2.9,12247.0,0.74,2058.0,8.06,31269.3,0.1963,1.7080682352941177,1.750246274509804,3.5334,11.956477647058824,10.501477647058824,0.2955218170686901,0.3364669352973968,1,0
Litwa,2023,11424.0,7530.0,0.66,0.44,2034.0,787.0,7.4,2.86,18954.0,1.1,2821.0,10.26,32931.3,0.25215,1.5201973076923074,1.496455,4.5387,10.641381153846153,8.97873,0.4265141840502124,0.5054946523617482,1,0
Litwa,2024,15983.0,12291.0,0.92,0.71,2003.0,1685.0,6.65,5.6,28274.0,1.63,3688.0,12.25,34935.9,0.22295,1.45379,1.4563084905660375,4.0131000000000006,10.17653,8.737850943396227,0.3943485647858357,0.459277690360805,1,0
Litwa,2025,19876.0,17272.0,1.13,0.98,3138.0,4395.0,7.48,10.47,37148.0,2.11,7533.0,17.950000000000003,36174.4,0.2032,1.4228428846153849,1.5072192307692307,3.6576,9.959900192307693,9.043315384615385,0.3672325956463766,0.4044534381961687,2,0
Luksemburg,2008,,,,,0.0,0.0,,,,,0.0,,70514.1,0.1627,1.189313469387755,1.1172751020408165,2.9286000000000003,8.325194285714284,6.703650612244898,0.3517755741779343,0.4368664432854862,0,0
Luksemburg,2009,,,,,0.0,0.0,0.0,0.0,,,0.0,0.0,65559.9,0.1882,1.02954,0.8481210000000001,3.3876,7.206779999999999,5.088726000000001,0.4700573626501711,0.6657068979544191,0,0
Luksemburg,2010,,,,,0.0,0.0,0.0,0.0,,,0.0,0.0,68312.3,0.17365,1.1566438775510204,0.9873653061224492,3.1257,8.096507142857142,5.924191836734694,0.386055362497585,0.5276162700569853,0,0
Luksemburg,2011,31.0,,0.01,,31.0,0.0,0.06,0.0,,,31.0,0.06,70256.2,0.1669999999999999,1.2887302040816326,1.1703861224489795,3.006,9.021111428571428,7.022316734693877,0.3332183649211421,0.4280638589183545,0,0
Luksemburg,2012,100.0,30.0,0.03,0.01,61.0,30.0,0.12,0.06,130.0,0.04,91.0,0.18,71288.2,0.1701,1.3876595918367345,1.263888163265306,3.0618,9.713617142857142,7.583328979591837,0.3152069877750409,0.4037540779570395,0,0
Luksemburg,2013,263.0,60.0,0.07,0.02,,,,,323.0,0.09,,,72585.6,0.16555,1.3364716,1.2166916,2.9799,9.3553012,7.300149600000001,0.3185252870319129,0.4081971142070841,0,0
Luksemburg,2014,524.0,166.0,0.14,0.04,25.0,,0.05,,690.0,0.18,,,75199.8,0.1738,1.2979681632653062,1.1720991836734695,3.1284,9.085777142857143,7.032595102040817,0.3443183726401893,0.4448429000401512,0,0
Luksemburg,2015,580.0,279.0,0.15,0.07,45.0,35.0,0.1,0.08,859.0,0.22,80.0,0.18,77581.8,0.1767,1.1773473469387754,1.0243816326530613,3.1806,8.241431428571428,6.146289795918367,0.3859281033357243,0.5174829215036648,0,0
Luksemburg,2016,685.0,449.0,0.18,0.11,162.0,142.0,0.32,0.28,1134.0,0.29,304.0,0.6000000000000001,78464.2,0.1698,1.0906532,0.9215392,3.0564,7.6345724,5.5292352,0.4003367628028519,0.5527708425208608,0,0
Luksemburg,2017,970.0,1023.0,0.24,0.25,371.0,616.0,0.7,1.17,1993.0,0.49,987.0,1.87,78896.1,0.16165,1.15788,0.99342,2.9097000000000004,8.10516,5.96052,0.3589935300475253,0.4881621066618349,0,0
Luksemburg,2018,1336.0,1682.0,0.32,0.41,492.0,535.0,0.93,1.01,3018.0,0.73,1027.0,1.94,78985.2,0.1681,1.22162,1.09822,3.0258,8.55134,6.58932,0.353839281329008,0.4591976106790988,0,0
Luksemburg,2019,2195.0,2369.0,0.51,0.56,1012.0,919.0,1.87,1.7,4564.0,1.07,1931.0,3.5700000000000003,78744.5,0.17985,1.2109795918367348,1.1002857142857143,3.2373000000000003,8.476857142857144,6.601714285714285,0.3818986147156965,0.4903726304855882,0,0
Luksemburg,2020,4444.0,4526.0,1.03,1.05,2525.0,2833.0,5.59,6.27,8970.0,2.08,5358.0,11.86,77888.8,0.19855,1.07772,0.97104,3.5739,7.54404,5.82624,0.4737382092353699,0.613414483440435,1,0
Luksemburg,2021,8528.0,7833.0,1.94,1.78,4686.0,4728.0,10.56,10.66,16361.0,3.72,9414.0,21.22,87098.2,0.19885,1.3314489795918367,1.2238163265306123,3.5793,9.320142857142857,7.342897959183674,0.38403917781763,0.4874505978288058,1,0
Luksemburg,2022,13909.0,10671.0,3.1,2.38,6658.0,3951.0,15.82,9.39,24580.0,5.48,10609.0,25.21,90395.4,0.20295,1.676313725490196,1.7448235294117649,3.6531,11.734196078431372,10.468941176470588,0.3113208587603852,0.3489464634886386,1,0
Luksemburg,2023,23267.0,14141.0,5.1,3.1,11380.0,5053.0,23.15,10.28,37408.0,8.2,16433.0,33.43,95129.1,0.20115,1.5698076923076925,1.534576923076923,3.6207,10.988653846153849,9.20746153846154,0.3294944085682784,0.393235419434071,1,0
Luksemburg,2024,32061.0,17147.0,6.95,3.72,12778.0,3962.0,27.37,8.49,49208.0,10.67,16740.0,35.86,97690.2,0.20265,1.5372641509433964,1.483433962264151,3.6477,10.760849056603774,8.900603773584907,0.3389788278613071,0.4098261300908142,1,0
Luksemburg,2025,39182.0,18318.0,8.49,3.97,12691.0,3750.0,26.91,7.95,57500.0,12.46,16441.0,34.86,99621.3,0.2665,1.4790384615384615,1.4358653846153846,4.797000000000001,10.35326923076923,8.615192307692308,0.4633319092817208,0.5568070715864194,2,0
Malta,2008,,,,,0.0,0.0,,,,,0.0,,20677.9,0.12645,1.1526693877551022,1.1403314285714283,2.2761,8.068685714285715,6.84198857142857,0.2820905511253381,0.3326664428386735,0,0
Malta,2009,,,,,0.0,0.0,,,,,0.0,,20211.9,0.16105,1.1248,0.9614,2.8989,7.8736,5.7684,0.3681797398902662,0.502548366964843,0,0
Malta,2010,,,,,0.0,0.0,,,,,0.0,,21883.2,0.165,1.1948979591836737,1.0444897959183672,2.97,8.364285714285714,6.266938775510203,0.3550811272416738,0.4739155920281361,0,0
Malta,2011,,,,,0.0,0.0,,,,,0.0,,21922.3,0.16585,1.3808163265306124,1.296530612244898,2.9853,9.665714285714287,7.779183673469388,0.308854566952409,0.3837549189359358,0,0
Malta,2012,38.0,,0.02,,1.0,0.0,,,,,1.0,,22697.4,0.16755,1.483877551020408,1.3724489795918366,3.0159,10.387142857142855,8.23469387755102,0.2903493329665796,0.3662431226765799,0,0
Malta,2013,59.0,,0.02,,,,,,,,,,23895.4,0.16765,1.4664,1.3776,3.0177,10.2648,8.2656,0.2939852700490998,0.3650914634146341,0,0
Malta,2014,87.0,4.0,0.03,0.0,,,,,91.0,0.03,,,25209.3,0.1361,1.441632653061225,1.36,2.4498,10.091428571428573,8.16,0.242760475651189,0.3002205882352941,0,0
Malta,2015,136.0,7.0,0.05,0.0,,,,,143.0,0.05,,,27577.1,0.1263,1.3581632653061224,1.273469387755102,2.2734000000000005,9.507142857142856,7.6408163265306115,0.2391254695717506,0.2975336538461539,0,0
Malta,2016,140.0,7.0,0.05,0.0,,,,,147.0,0.05,,,28475.6,0.12655,1.2872,1.1696,2.2779,9.0104,7.0176,0.2528078664654177,0.3245981532147742,0,0
Malta,2017,189.0,12.0,0.06,0.0,48.0,3.0,0.62,0.04,201.0,0.06,51.0,0.66,31415.2,0.1313,1.31,1.18,2.3634,9.17,7.08,0.25773173391494,0.3338135593220339,0,0
Malta,2018,603.0,14.0,0.2,0.0,180.0,1.0,2.2,0.01,617.0,0.2,181.0,2.21,32639.5,0.1296,1.33,1.2,2.3328,9.31,7.199999999999999,0.2505692803437164,0.324,0,0
Malta,2019,983.0,195.0,0.32,0.06,282.0,70.0,3.66,0.91,1178.0,0.38,352.0,4.57,33381.9,0.1296999999999999,1.380408163265306,1.250408163265306,2.3346,9.662857142857142,7.502448979591836,0.2416055588409225,0.3111783907295576,0,0
Malta,2020,1293.0,637.0,0.42,0.21,137.0,33.0,1.23,0.3,1930.0,0.63,170.0,1.53,31931.9,0.1292499999999999,1.3708,1.2408,2.3265,9.5956,7.444799999999999,0.2424548751511108,0.3124999999999999,1,0
Malta,2021,1783.0,714.0,0.57,0.23,155.0,95.0,1.5,0.92,2497.0,0.7999999999999999,250.0,2.42,36291.8,0.13015,1.34,1.21,2.3427,9.38,7.26,0.2497547974413645,0.3226859504132231,1,0
Malta,2022,2803.0,2716.0,0.88,0.85,186.0,101.0,1.94,1.05,5519.0,1.73,287.0,2.99,37451.1,0.1291,1.34,1.21,2.3238,9.38,7.26,0.2477398720682302,0.3200826446280991,1,0
Malta,2023,4364.0,3706.0,1.35,1.15,982.0,911.0,14.95,13.87,8070.0,2.5,1893.0,28.82,41830.7,0.127,1.34,1.21,2.286,9.38,7.26,0.2437100213219616,0.3148760330578513,1,0
Malta,2024,7297.0,4675.0,2.2,1.41,3456.0,548.0,44.14,7.0,11972.0,3.61,4004.0,51.14,43805.0,0.12875,1.34,1.21,2.3175,9.38,7.26,0.2470682302771854,0.3192148760330578,1,0
Malta,2025,9805.0,5074.0,2.92,1.51,2448.0,420.0,37.85,6.49,14879.0,4.43,2868.0,44.34,45952.5,0.1271499999999999,1.34,1.21,2.2886999999999995,9.38,7.26,0.2439978678038379,0.3152479338842974,2,0
Niemcy,2008,1300.0,,,,0.0,0.0,,,,,0.0,,30326.4,0.21715,1.3933520408163265,1.3283061224489796,3.9087,9.753464285714283,7.969836734693878,0.4007499166962655,0.4904366463349056,0,0
Niemcy,2009,1588.0,,0.0,,15.0,0.0,0.0,0.0,,,15.0,0.0,28855.4,0.2288,1.26202,1.06778,4.1184,8.83414,6.40668,0.4661913893146362,0.6428290471820038,0,0
Niemcy,2010,2307.0,,0.01,,144.0,0.0,0.0,0.0,,,144.0,0.0,30625.5,0.2406499999999999,1.3910510204081634,1.1997908163265305,4.3317,9.737357142857144,7.198744897959183,0.4448537664223937,0.6017298933912799,0,0
Niemcy,2011,4541.0,112.0,0.01,0.0,1828.0,266.0,0.06,0.01,4653.0,0.01,2094.0,0.0699999999999999,32333.3,0.25295,1.5269387755102042,1.3829591836734694,4.553100000000001,10.688571428571429,8.297755102040817,0.4259783480352847,0.5487146757175533,0,0
Niemcy,2012,7114.0,1332.0,0.02,0.0,2555.0,1232.0,0.08,0.04,8446.0,0.02,3787.0,0.12,32681.9,0.26355,1.651265306122449,1.4921632653061223,4.7439,11.558857142857144,8.952979591836733,0.4104125469646035,0.5298682914820286,0,0
Niemcy,2013,12156.0,2932.0,0.03,0.01,5434.0,445.0,0.18,0.02,15088.0,0.04,5879.0,0.1999999999999999,33201.2,0.292,1.60252,1.4299000000000002,5.256,11.21764,8.579400000000001,0.4685477515769806,0.6126302538639065,0,0
Niemcy,2014,18948.0,6956.0,0.04,0.02,9141.0,3321.0,0.3,0.11,25904.0,0.06,12462.0,0.41,34493.8,0.2977499999999999,1.5431632653061225,1.3609183673469387,5.359499999999999,10.802142857142858,8.165510204081633,0.496151557230708,0.6563582514808426,0,0
Niemcy,2015,25502.0,17439.0,0.06,0.04,13369.0,10001.0,0.42,0.31,42941.0,0.1,23370.0,0.73,35148.9,0.2948499999999999,1.3970408163265309,1.179530612244898,5.307299999999999,9.779285714285717,7.0771836734693885,0.5427083485501423,0.7499169507067839,0,0
Niemcy,2016,34022.0,32049.0,0.07,0.07,12415.0,12091.0,0.38,0.37,66071.0,0.14,24506.0,0.75,36132.4,0.2973,1.30542,1.08306,5.3514,9.13794,6.49836,0.5856243310855619,0.8235000830978894,0,0
Niemcy,2017,53861.0,44419.0,0.12,0.1,25764.0,27596.0,0.75,0.8,98280.0,0.22,53360.0,1.55,37613.5,0.3048,1.3738800000000002,1.16624,5.486400000000001,9.617160000000002,6.997439999999999,0.5704802665235891,0.784058169844972,0,0
Niemcy,2018,83175.0,66997.0,0.18,0.14,36533.0,29718.0,1.06,0.86,150172.0,0.32,66251.0,1.92,38726.7,0.29935,1.4428,1.27648,5.3883,10.0996,7.65888,0.5335161788585687,0.7035362872900477,0,0
Niemcy,2019,136617.0,102045.0,0.29,0.21,61415.0,44260.0,1.7,1.23,238662.0,0.5,105675.0,2.93,39216.9,0.2983,1.4163265306122448,1.254571428571429,5.369400000000001,9.914285714285713,7.5274285714285725,0.5415821325648417,0.71331131860624,0,0
Niemcy,2020,309083.0,279651.0,0.64,0.58,191330.0,199606.0,6.56,6.84,588734.0,1.22,390936.0,13.4,38270.8,0.30245,1.2886,1.11024,5.4441,9.0202,6.661440000000001,0.6035453759340148,0.8172557284911369,1,0
Niemcy,2021,618460.0,565742.0,1.27,1.17,351332.0,322424.0,13.4,12.3,1184202.0,2.44,673756.0,25.700000000000003,40874.4,0.32135,1.5828979591836736,1.3888979591836734,5.7843,11.080285714285717,8.333387755102041,0.5220352750058018,0.6941114670271541,1,0
Niemcy,2022,1013009.0,864547.0,2.07,1.77,464322.0,359566.0,17.51,13.56,1877556.0,3.84,823888.0,31.07,43577.4,0.3318,1.9233529411764705,1.9543921568627447,5.9724,13.463470588235293,11.72635294117647,0.4436003303055326,0.5093143648293437,1,0
Niemcy,2023,1408681.0,921777.0,2.87,1.88,520074.0,173833.0,18.28,6.11,2330458.0,4.75,693907.0,24.39,45519.2,0.40725,1.8500769230769232,1.7277307692307693,7.3305,12.950538461538462,10.366384615384616,0.5660382401682139,0.7071414260590814,1,0
Niemcy,2024,1651643.0,967423.0,3.35,1.96,379472.0,190844.0,13.47,6.77,2619066.0,5.3100000000000005,570316.0,20.24,47008.3,0.3947,1.7916603773584907,1.647,7.1046,12.541622641509434,9.882,0.5664817227465977,0.7189435336976321,1,0
Niemcy,2025,2034260.0,1122958.0,4.11,2.27,545176.0,311317.0,19.08,10.89,3157218.0,6.380000000000001,856493.0,29.97,48621.8,0.3852,1.736826923076923,1.6054230769230768,6.9336,12.157788461538464,9.63253846153846,0.5703010890454836,0.7198102584988382,2,0
Norwegia,2008,1243.0,,,,243.0,0.0,,,,,243.0,,48913.2,0.16695,,,3.0051,,,,,0,0
Norwegia,2009,1388.0,,0.06,,145.0,0.0,0.11,0.0,,,145.0,0.11,42840.0,0.1563999999999999,,,2.8152,,,,,0,0
Norwegia,2010,1782.0,,0.08,,380.0,0.0,0.3,0.0,,,380.0,0.3,45002.2,0.1966999999999999,,,3.5405999999999995,,,,,0,0
Norwegia,2011,3982.0,1.0,0.17,0.0,2009.0,1.0,1.45,0.0,3983.0,0.17,2010.0,1.45,47614.2,0.20015,,,3.6027,,,,,0,0
Norwegia,2012,6543.0,341.0,0.27,0.01,4256.0,340.0,3.08,0.25,6884.0,0.28,4596.0,3.33,49733.3,0.1828,,,3.2904,,,,,0,0
Norwegia,2013,17868.0,453.0,0.71,0.02,7875.0,489.0,5.25,0.33,18321.0,0.73,8364.0,5.58,49935.3,0.18435,,,3.3183,,,,,0,0
Norwegia,2014,42356.0,2150.0,1.66,0.08,17999.0,1698.0,12.0,1.13,44506.0,1.74,19697.0,13.13,48881.4,0.1657,,,2.9826,,,,,0,0
Norwegia,2015,73312.0,10164.0,2.81,0.39,25551.0,7857.0,16.11,4.95,83476.0,3.2,33408.0,21.06,45067.6,0.1523999999999999,,,2.7432,,,,,0,0
Norwegia,2016,98532.0,34431.0,3.7,1.29,23878.0,20652.0,14.89,12.87,132963.0,4.99,44530.0,27.76,42535.3,0.1573,,,2.8314,,,,,0,0
Norwegia,2017,138983.0,67315.0,5.11,2.48,32836.0,29144.0,19.58,17.38,206298.0,7.59,61980.0,36.96,45903.0,0.16235,,,2.9223,,,,,0,0
Norwegia,2018,195348.0,96133.0,7.1,3.49,46111.0,26539.0,29.03,16.71,291481.0,10.59,72650.0,45.74,49244.0,0.1829,,,3.2922,,,,,0,0
Norwegia,2019,260689.0,116042.0,9.31,4.14,60305.0,19115.0,40.56,12.86,376731.0,13.45,79420.0,53.42,47886.8,0.18055,,,3.2499,,,,,0,0
Norwegia,2020,340002.0,146153.0,11.58,4.98,76734.0,28825.0,54.27,20.38,486155.0,16.560000000000002,105559.0,74.65,44580.4,0.13385,,,2.4093000000000004,,,,,1,0
Norwegia,2021,460734.0,184503.0,15.34,6.14,113613.0,38163.0,64.45,21.65,645237.0,21.48,151776.0,86.1,58819.5,0.2016,,,3.6288,,,,,1,0
Norwegia,2022,599169.0,198841.0,19.58,6.5,138287.0,16129.0,79.33,9.25,798010.0,26.08,154416.0,88.58,80200.6,0.2148,,,3.8664,,,,,1,0
Norwegia,2023,689169.0,207021.0,23.95,7.19,103946.0,10136.0,81.88,7.98,896190.0,31.14,114082.0,89.86,67311.7,0.1892499999999999,,,3.4064999999999994,,,,,1,0
Norwegia,2024,788750.0,208168.0,27.38,7.23,113434.0,3496.0,88.15,2.72,996918.0,34.61,116930.0,90.87,66273.8,0.19475,,,3.5055,,,,,1,0
Norwegia,2025,945182.0,208312.0,32.86,7.24,172124.0,2751.0,95.82,1.53,1153494.0,40.1,174875.0,97.35,66164.8,0.1954,,,3.5172000000000003,,,,,2,0
Polska,2008,,,,,0.0,0.0,,,,,0.0,,14261.4,0.1277,1.2459251020408164,1.227000816326531,2.2986,8.721475714285715,7.362004897959184,0.2635563149290102,0.312224731151319,0,0
Polska,2009,,,,,0.0,0.0,0.0,0.0,,,0.0,0.0,14569.5,0.1211,0.955768,0.8423514,2.1798,6.6903760000000005,5.0541084,0.325811284746926,0.4312926885382989,0,0
Polska,2010,,,,,0.0,0.0,0.0,0.0,,,0.0,0.0,15891.8,0.13615,1.134560612244898,1.0602067346938775,2.4507,7.941924285714287,6.361240408163265,0.3085776081255585,0.385255051334809,0,0
Polska,2011,35.0,,0.0,,35.0,0.0,0.01,0.0,,,35.0,0.01,17002.3,0.1411,1.2433642857142857,1.219429387755102,2.5398,8.70355,7.316576326530612,0.2918119617857081,0.3471295708062855,0,0
Polska,2012,54.0,12.0,0.0,0.0,19.0,12.0,0.01,0.0,66.0,0.0,31.0,0.01,17524.2,0.14735,1.3640155102040814,1.3565473469387757,2.6523000000000003,9.54810857142857,8.139284081632654,0.2777827650532432,0.3258640407926365,0,0
Polska,2013,81.0,22.0,0.0,0.0,26.0,5.0,0.01,0.0,103.0,0.0,31.0,0.01,17640.5,0.1458499999999999,1.3067584,1.305272,2.6253,9.1473088,7.831632,0.2870024460090382,0.3352174872363767,0,0
Polska,2014,153.0,104.0,0.0,0.0,92.0,48.0,0.03,0.01,257.0,0.0,140.0,0.04,18251.0,0.14145,1.2644342857142856,1.2485391836734694,2.5461000000000005,8.85104,7.491235102040816,0.2876611110106836,0.3398771985285008,0,0
Polska,2015,219.0,270.0,0.0,0.0,112.0,148.0,0.03,0.04,489.0,0.0,260.0,0.07,19407.7,0.1431,1.1100208163265306,1.0754451020408162,2.5758,7.770145714285714,6.452670612244898,0.3314995747459783,0.3991835558926622,0,0
Polska,2016,348.0,425.0,0.0,0.0,157.0,111.0,0.04,0.03,773.0,0.0,268.0,0.07,19706.9,0.1341999999999999,0.995876,0.9435086,2.4155999999999995,6.971132000000001,5.6610516,0.3465147410779195,0.4267051725866621,0,0
Polska,2017,896.0,816.0,0.0,0.0,508.0,385.0,0.1,0.08,1712.0,0.0,893.0,0.18,20730.1,0.14485,1.0789016000000002,1.0405799999999998,2.6073,7.552311200000002,6.243479999999999,0.3452320661786288,0.4176036441215476,0,0
Polska,2018,3018.0,1592.0,0.01,0.01,694.0,586.0,0.13,0.11,4610.0,0.02,1280.0,0.24,21945.0,0.1402999999999999,1.1586754,1.1519886,2.5253999999999994,8.110727800000001,6.911931599999999,0.311365399292527,0.3653681989561355,0,0
Polska,2019,5196.0,2381.0,0.02,0.01,1464.0,1166.0,0.26,0.21,7577.0,0.03,2630.0,0.47,23348.0,0.13595,1.1627467346938771,1.1738138775510203,2.4471000000000003,8.139227142857141,7.042883265306122,0.3006550815021223,0.3474571291071421,0,0
Polska,2020,9772.0,5919.0,0.04,0.02,3673.0,4362.0,0.86,1.02,15691.0,0.06,8035.0,1.88,23916.5,0.14925,1.0003166,1.0063618,2.6865,7.0022162,6.0381708,0.383664246185372,0.444919511054573,1,0
Polska,2021,18132.0,15634.0,0.07,0.06,7167.0,9153.0,1.6,2.04,33766.0,0.13,16320.0,3.64,26197.3,0.1561,1.200451020408163,1.1814379591836734,2.8098,8.403157142857143,7.08862775510204,0.3343743252961046,0.3963813726821311,1,0
Polska,2022,30841.0,26415.0,0.12,0.1,11278.0,10730.0,2.69,2.56,57256.0,0.22,22008.0,5.25,28144.8,0.1533999999999999,1.42065568627451,1.5370623529411764,2.7612,9.94458980392157,9.22237411764706,0.2776585112551492,0.2994022975837024,1,0
Polska,2023,51364.0,47137.0,0.19,0.17,17083.0,13030.0,3.6,2.74,98501.0,0.36,30113.0,6.34,29519.6,0.19655,1.434791346153846,1.4543546153846154,3.5379,10.043539423076922,8.726127692307692,0.3522562964079186,0.4054375691887652,1,0
Polska,2024,72589.0,68866.0,0.32,0.3,16564.0,14902.0,3.0,2.7,141455.0,0.62,31466.0,5.7,31463.0,0.22835,1.4792328917924888,1.4952426336870792,4.1103,10.354630242547422,8.971455802122476,0.3969528514027163,0.4581530679811832,1,0
Polska,2025,102710.0,100245.0,0.44,0.43,43311.0,34137.0,7.25,5.71,202955.0,0.87,77448.0,12.96,33816.5,0.2633999999999999,1.4021514326262003,1.4275658536184723,4.741199999999999,9.815060028383405,8.565395121710836,0.4830535917548435,0.5535296308727672,2,0
Portugalia,2008,28.0,,,,0.0,0.0,,,,,0.0,,20693.8,0.1503499999999999,1.398404081632653,1.2709738775510204,2.7063,9.78882857142857,7.625843265306122,0.2764682188734096,0.354885342623333,0,0
Portugalia,2009,29.0,,,,0.0,0.0,0.0,0.0,,,0.0,0.0,19984.4,0.1551,1.2345896,1.0026024,2.7918,8.642127200000001,6.0156144000000005,0.3230454650100497,0.4640922463381295,0,0
Portugalia,2010,59.0,36.0,0.0,0.0,18.0,0.0,0.01,0.0,95.0,0.0,18.0,0.01,20662.0,0.1625,1.3711428571428572,1.1509795918367347,2.9250000000000003,9.598,6.905877551020408,0.3047509897895395,0.4235522536260151,0,0
Portugalia,2011,242.0,39.0,0.01,0.0,201.0,2.0,0.13,0.0,281.0,0.01,203.0,0.13,19941.7,0.17675,1.5449387755102042,1.3711836734693876,3.1815,10.81457142857143,8.227102040816327,0.294186415154157,0.3867096803000535,0,0
Portugalia,2012,338.0,69.0,0.01,0.0,64.0,30.0,0.07,0.03,407.0,0.01,94.0,0.1,19520.9,0.2028,1.643612244897959,1.452061224489796,3.6504,11.505285714285716,8.712367346938775,0.3172802562797223,0.4189905974617364,0,0
Portugalia,2013,437.0,99.0,0.01,0.0,167.0,7.0,0.16,0.01,536.0,0.01,174.0,0.17,20153.9,0.2106,1.58006,1.3878199999999998,3.7908,11.06042,8.32692,0.3427356284842709,0.4552463575968065,0,0
Portugalia,2014,672.0,215.0,0.01,0.0,198.0,90.0,0.14,0.06,887.0,0.01,288.0,0.2,20580.3,0.2203,1.5325102040816327,1.310204081632653,3.9654,10.72757142857143,7.861224489795918,0.3696456394071351,0.5044252336448598,0,0
Portugalia,2015,1398.0,687.0,0.03,0.01,692.0,487.0,0.39,0.27,2085.0,0.04,1179.0,0.66,21240.3,0.2282,1.4339591836734693,1.192,4.107600000000001,10.037714285714284,7.151999999999999,0.4092166685642719,0.5743288590604029,0,0
Portugalia,2016,2383.0,1781.0,0.05,0.04,820.0,1018.0,0.4,0.49,4164.0,0.09,1838.0,0.89,21877.6,0.2324,1.37575,1.12748,4.1832,9.63025,6.76488,0.4343812465927676,0.6183701706460426,0,0
Portugalia,2017,7405.0,4337.0,0.15,0.09,1719.0,2420.0,0.77,1.08,11742.0,0.24,4139.0,1.85,22559.7,0.2257,1.46152,1.24092,4.0626,10.23064,7.44552,0.3971012566173768,0.5456435547819359,0,0
Portugalia,2018,16774.0,9675.0,0.32,0.18,4484.0,3757.0,1.97,1.65,26449.0,0.5,8241.0,3.62,23548.4,0.2269499999999999,1.54272,1.34714,4.0851,10.799040000000002,8.082840000000001,0.3782836252111298,0.5054040411538517,0,0
Portugalia,2019,29033.0,17368.0,0.53,0.32,6883.0,5821.0,3.08,2.6,46401.0,0.8500000000000001,12704.0,5.68,24464.9,0.21655,1.4913265306122447,1.3613061224489795,3.8979,10.439285714285711,8.167836734693877,0.3733876154635648,0.477225503717918,0,0
Portugalia,2020,33882.0,31007.0,0.61,0.56,7849.0,11858.0,5.4,8.15,64889.0,1.17,19707.0,13.55,22782.1,0.21265,1.3887,1.24422,3.8277,9.7209,7.46532,0.3937598370521248,0.5127308675314655,1,0
Portugalia,2021,50138.0,48004.0,0.89,0.85,13258.0,15731.0,9.04,10.73,98142.0,1.74,28989.0,19.77,24550.2,0.21295,1.6216734693877553,1.426489795918367,3.8331,11.351714285714287,8.558938775510203,0.3376670609851249,0.4478475778992246,1,0
Portugalia,2022,68320.0,65729.0,1.16,1.12,17806.0,16042.0,11.39,10.26,134049.0,2.28,33848.0,21.65,27841.5,0.22105,1.8472941176470588,1.7959607843137255,3.9789,12.931058823529412,10.775764705882352,0.3077010207980785,0.3692452562394917,1,0
Portugalia,2023,106424.0,97356.0,1.79,1.64,36361.0,26374.0,18.21,13.21,203780.0,3.43,62735.0,31.42,31107.5,0.2185,1.7190961538461538,1.5893846153846154,3.933,12.033673076923076,9.536307692307693,0.3268328776142587,0.412423773110057,1,0
Portugalia,2024,166760.0,131340.0,2.73,2.15,42065.0,27630.0,20.06,13.18,298100.0,4.88,69695.0,33.239999999999995,32937.1,0.2526,1.7157358490566037,1.5805283018867924,4.5468,12.010150943396226,9.483169811320757,0.3785797548614537,0.4794599369687709,1,0
Portugalia,2025,243954.0,167325.0,3.9,2.68,52345.0,34113.0,23.26,15.16,411279.0,6.58,86458.0,38.42,33825.0,0.24125,1.7067307692307694,1.5775,4.3425,11.947115384615383,9.465,0.363476861167002,0.4587955625990492,2,0
Rumunia,2008,,,,,0.0,0.0,,,,,0.0,,13023.6,0.1081999999999999,1.0240510204081634,1.1001777551020406,1.9476,7.168357142857144,6.601066530612243,0.2716940522335262,0.295043231418448,0,0
Rumunia,2009,,,,,0.0,0.0,0.0,0.0,,,0.0,0.0,12562.6,0.09775,0.844525,0.8340678,1.7595,5.911675,5.0044068,0.2976313819687314,0.3515901225296073,0,0
Rumunia,2010,,,,,0.0,0.0,0.0,0.0,,,0.0,0.0,13138.8,0.1041499999999999,1.063521224489796,1.0321242857142856,1.8747,7.444648571428572,6.192745714285714,0.2518184682611901,0.3027251701414696,0,0
Rumunia,2011,5.0,,0.0,,5.0,0.0,0.01,0.0,,,5.0,0.01,14012.6,0.10835,1.2290332653061222,1.23638693877551,1.9503,8.603232857142856,7.418321632653059,0.2266938524604455,0.2629031331582346,0,0
Rumunia,2012,5.0,5.0,0.0,0.0,2.0,5.0,0.0,0.01,10.0,0.0,7.0,0.01,14625.5,0.10625,1.2740940816326531,1.3201663265306125,1.9125,8.918658571428573,7.920997959183674,0.2144380777314204,0.2414468492297275,0,0
Rumunia,2013,42.0,6.0,0.0,0.0,31.0,1.0,0.05,0.0,48.0,0.0,32.0,0.05,14200.3,0.1301,1.2781198,1.3225935999999998,2.3418,8.9468386,7.935561599999999,0.2617460876068559,0.295101987488825,0,0
Rumunia,2014,59.0,20.0,0.0,0.0,,,,,79.0,0.0,,,14783.2,0.1269,1.3382410204081632,1.3661140816326531,2.2842,9.367687142857145,8.196684489795919,0.2438382030874826,0.2786736518702908,0,0
Rumunia,2015,97.0,59.0,0.0,0.0,54.0,70.0,0.07,0.09,156.0,0.0,124.0,0.16,15543.5,0.1311,1.2013218367346938,1.1971326530612243,2.3598,8.409252857142857,7.182795918367347,0.2806194605024363,0.3285350199029995,0,0
Rumunia,2016,164.0,147.0,0.0,0.0,64.0,99.0,0.07,0.1,311.0,0.0,163.0,0.17,16602.2,0.12465,1.0875306,1.0682024,2.2437,7.6127142,6.409214400000001,0.2947306231462098,0.3500741058061655,0,0
Rumunia,2017,399.0,278.0,0.01,0.0,235.0,139.0,0.22,0.13,677.0,0.01,374.0,0.35,18502.8,0.1243499999999999,1.0488832,1.0425938,2.2383,7.342182399999999,6.255562800000001,0.3048548616825428,0.3578095323413585,0,0
Rumunia,2018,854.0,510.0,0.01,0.01,504.0,188.0,0.38,0.14,1364.0,0.02,692.0,0.52,19915.4,0.1325,1.1872156,1.2177608,2.385,8.3105092,7.3065648,0.2869860248755876,0.3264187843786727,0,0
Rumunia,2019,2718.0,798.0,0.04,0.01,1613.0,675.0,1.0,0.42,3516.0,0.05,2288.0,1.42,21713.9,0.13895,1.1576457142857144,1.1996683673469388,2.5011,8.103520000000001,7.198010204081633,0.3086436511540663,0.3474710272821996,0,0
Rumunia,2020,5563.0,1847.0,0.08,0.03,2844.0,1049.0,2.25,0.83,7410.0,0.11,3893.0,3.08,21808.9,0.1454,0.952622,0.9648016,2.6172,6.668354,5.7888096,0.3924806631441582,0.4521136780867693,1,0
Rumunia,2021,11883.0,4840.0,0.16,0.06,6342.0,3009.0,5.26,2.49,16723.0,0.22,9351.0,7.75,23919.2,0.1568999999999999,1.1607430612244898,1.1437138775510205,2.8242,8.125201428571428,6.862283265306123,0.3475852290958589,0.4115539814974416,1,0
Rumunia,2022,23474.0,8321.0,0.3,0.1,11556.0,3309.0,8.94,2.56,31795.0,0.4,14865.0,11.5,25908.1,0.28865,1.5354631372549017,1.670171176470588,5.1957,10.748241960784313,10.021027058823528,0.4833999847562851,0.5184797894967442,1,0
Rumunia,2023,38553.0,10205.0,0.46,0.12,15221.0,2921.0,10.53,2.02,48758.0,0.5800000000000001,18142.0,12.55,28715.8,0.1901,1.3713882692307693,1.4475028846153846,3.4218,9.599717884615384,8.685017307692307,0.3564479749434944,0.3939888521545393,1,0
Rumunia,2024,49594.0,16900.0,0.59,0.2,9802.0,6801.0,6.49,4.5,66494.0,0.79,16603.0,10.99,30769.5,0.1873,1.438940350289594,1.4629659651965223,3.3714,10.07258245202716,8.777795791179134,0.3347105884768894,0.3840827561046638,1,0
Rumunia,2025,58322.0,19622.0,0.67,0.22,8881.0,5478.0,5.66,3.49,77944.0,0.89,14359.0,9.15,32353.1,0.2405499999999999,1.451813889157883,1.4962994195172274,4.329899999999999,10.16269722410518,8.977796517103364,0.4260581521340408,0.4822898349000471,2,0
Szwecja,2008,129.0,,,,0.0,0.0,,,,,0.0,,32526.7,0.1722,1.310732448979592,1.3382222448979593,3.099600000000001,9.175127142857145,8.029333469387755,0.337826381230373,0.3860345334786983,0,0
Szwecja,2009,157.0,,0.0,,18.0,0.0,0.01,0.0,,,18.0,0.01,30274.4,0.1624,1.124497,1.0403086,2.9232,7.871479000000001,6.2418516,0.3713660418836154,0.4683225727442798,0,0
Szwecja,2010,190.0,,0.0,,56.0,2.0,0.02,0.0,,,58.0,0.02,31764.0,0.18985,1.3404159183673472,1.2507922448979591,3.4173000000000004,9.38291142857143,7.504753469387754,0.3642046528963443,0.4553514001411677,0,0
Szwecja,2011,366.0,,0.01,,183.0,0.0,0.06,0.0,,,183.0,0.06,33037.9,0.2067999999999999,1.5431112244897958,1.508825918367347,3.7224,10.80177857142857,9.052955510204082,0.3446099154305937,0.4111806355177906,0,0
Szwecja,2012,603.0,651.0,0.01,0.01,267.0,657.0,0.1,0.23,1254.0,0.02,924.0,0.33,33390.9,0.2055,1.710400612244898,1.6668367346938775,3.699,11.972804285714286,10.001020408163264,0.3089501767279011,0.369862258953168,0,0
Szwecja,2013,1010.0,1637.0,0.02,0.04,453.0,1103.0,0.16,0.38,2647.0,0.06,1556.0,0.54,33278.6,0.20735,1.671763,1.6463898,3.7323,11.702341,9.878338800000002,0.3189361855033963,0.3778266847863124,0,0
Szwecja,2014,2172.0,4922.0,0.05,0.11,1370.0,3300.0,0.42,1.02,7094.0,0.16,4670.0,1.44,33570.2,0.1917,1.5726628571428571,1.5392897959183671,3.4506,11.00864,9.235738775510203,0.3134447125167142,0.3736138584982208,0,0
Szwecja,2015,4765.0,9776.0,0.1,0.21,3103.0,5408.0,0.86,1.49,14541.0,0.31,8511.0,2.35,35062.0,0.1873,1.4094679591836734,1.3749816326530613,3.3714000000000004,9.866275714285711,8.249889795918367,0.3417094856895633,0.4086600043636947,0,0
Szwecja,2016,7532.0,18832.0,0.16,0.4,3219.0,10027.0,0.83,2.58,26364.0,0.56,13246.0,3.41,34881.8,0.19385,1.384437,1.338075,3.4893000000000005,9.691059,8.028450000000001,0.3600535297535595,0.4346168936718794,0,0
Szwecja,2017,11034.0,32253.0,0.23,0.67,4403.0,15548.0,1.12,3.96,43287.0,0.9,19951.0,5.08,35296.2,0.1984,1.4555204000000002,1.4263051999999998,3.5712,10.1886428,8.557831199999999,0.3505079204464799,0.417301991186739,0,0
Szwecja,2018,16664.0,49394.0,0.34,1.01,7263.0,21375.0,1.99,5.85,66058.0,1.35,28638.0,7.84,35915.6,0.19795,1.4989152,1.5109506,3.5631000000000004,10.4924064,9.0657036,0.339588447508095,0.3930307185423535,0,0
Szwecja,2019,30343.0,66609.0,0.62,1.36,15594.0,24431.0,4.25,6.66,96952.0,1.98,40025.0,10.91,36994.5,0.20425,1.4823740816326532,1.5111520408163264,3.6765,10.376618571428573,9.066912244897958,0.3543061715810806,0.405485340620651,0,0
Szwecja,2020,55790.0,122290.0,1.13,2.47,27897.0,65831.0,9.55,22.54,178080.0,3.6,93728.0,32.09,36665.9,0.19655,1.3490638,1.3765388,3.5379,9.4434466,8.2592328,0.3746407588093948,0.4283569776602011,1,0
Szwecja,2021,110177.0,189498.0,2.21,3.8,57454.0,77842.0,19.09,25.86,299675.0,6.01,135296.0,44.95,39670.2,0.2359,1.609869183673469,1.6770442857142858,4.2462,11.269084285714284,10.062265714285717,0.376800802296143,0.421992433967584,1,0
Szwecja,2022,197709.0,239531.0,3.97,4.81,94603.0,66485.0,32.84,23.08,437240.0,8.78,161088.0,55.92,40905.8,0.2509,1.9390135294117647,2.2955378431372546,4.5162,13.573094705882353,13.773227058823528,0.3327317828293613,0.3278970121317205,1,0
Szwecja,2023,291678.0,272342.0,5.86,5.47,111338.0,61186.0,38.42,21.11,564020.0,11.33,172524.0,59.53,42508.5,0.2421499999999999,1.739945576923077,2.0233971153846158,4.3587,12.17961903846154,12.140382692307693,0.3578683361306977,0.359024926188013,1,0
Szwecja,2024,358260.0,313546.0,7.2,6.3,94333.0,62751.0,34.99,23.28,671806.0,13.5,157084.0,58.27,44772.2,0.23925,1.5756530334826546,1.5756488782027895,4.306500000000001,11.029571234378585,9.453893269216737,0.3904503546408831,0.4555266150531439,1,0
Szwecja,2025,432709.0,373812.0,8.59,7.42,99862.0,73197.0,36.58,26.81,806521.0,16.009999999999998,173059.0,63.39,46343.6,0.26825,1.4351351264890069,1.5093700286864589,4.8285,10.045945885423048,9.056220172118753,0.4806416493847822,0.5331694579230118,2,0
Słowacja,2008,,,,,0.0,0.0,,,,,0.0,,18312.5,0.14735,1.2445716326530611,1.335575714285714,2.6523000000000003,8.712001428571428,8.013454285714285,0.3044420988386956,0.330980861116073,0,0
Słowacja,2009,,,,,0.0,0.0,0.0,0.0,,,0.0,0.0,17320.9,0.155,1.1065999999999998,1.09548,2.79,7.746199999999998,6.57288,0.3601766027213344,0.424471464563479,0,0
Słowacja,2010,,,,,0.0,0.0,0.0,0.0,,,0.0,0.0,19079.4,0.15785,1.2461836734693876,1.112142857142857,2.8413,8.723285714285714,6.672857142857143,0.3257144260845356,0.4257996146435452,0,0
Słowacja,2011,25.0,17.0,0.0,0.0,25.0,17.0,0.04,0.02,42.0,0.0,42.0,0.06,19526.4,0.1696,1.442710612244898,1.3362989795918367,3.0528,10.098974285714286,8.017793877551021,0.3022881248760482,0.3807531157102353,0,0
Słowacja,2012,26.0,17.0,0.0,0.0,3.0,1.0,0.0,0.0,43.0,0.0,4.0,0.0,19960.2,0.1719,1.5422244897959183,1.4406122448979592,3.0942,10.795571428571428,8.643673469387755,0.2866175283515727,0.357972800679983,0,0
Słowacja,2013,50.0,,0.0,,,,,,,,,,20266.5,0.1688,1.4880799999999998,1.39064,3.0384,10.41656,8.34384,0.2916893868993219,0.3641488810907208,0,0
Słowacja,2014,113.0,88.0,0.01,0.0,24.0,,0.03,,201.0,0.01,,,20863.6,0.1515,1.4547346938775512,1.3387755102040817,2.727,10.183142857142858,8.03265306122449,0.267795516399652,0.3394893292682926,0,0
Słowacja,2015,137.0,156.0,0.01,0.01,15.0,15.0,0.02,0.02,293.0,0.02,30.0,0.04,21683.1,0.15115,1.2913265306122448,1.140877551020408,2.7207,9.039285714285713,6.845265306122449,0.3009861714737258,0.3974572026545981,0,0
Słowacja,2016,198.0,156.0,0.01,0.01,55.0,,0.06,,354.0,0.02,,,20747.7,0.148,1.2062,1.03464,2.6640000000000006,8.4434,6.20784,0.315512708150745,0.4291347715147298,0,0
Słowacja,2017,398.0,345.0,0.02,0.02,214.0,175.0,0.22,0.18,743.0,0.04,389.0,0.4,20778.3,0.1438499999999999,1.28496,1.13058,2.5893,8.994720000000001,6.783479999999999,0.2878688830780724,0.3817067345964018,0,0
Słowacja,2018,795.0,620.0,0.03,0.03,301.0,281.0,0.31,0.28,1415.0,0.06,582.0,0.5900000000000001,21370.9,0.1513999999999999,1.36246,1.2453,2.7252,9.53722,7.471799999999999,0.2857436443743564,0.3647313900264996,0,0
Słowacja,2019,956.0,826.0,0.04,0.03,166.0,209.0,0.16,0.21,1782.0,0.07,375.0,0.37,22107.4,0.1581,1.3253265306122448,1.228714285714286,2.845800000000001,9.277285714285714,7.372285714285715,0.3067492031228346,0.386013254272759,0,0
Słowacja,2020,1863.0,1643.0,0.08,0.07,907.0,811.0,1.19,1.06,3506.0,0.15,1718.0,2.25,22561.3,0.1704999999999999,1.17968,1.06536,3.069,8.257760000000001,6.392159999999999,0.3716504233593613,0.4801193962604191,1,0
Słowacja,2021,2999.0,2655.0,0.12,0.11,1136.0,1012.0,1.5,1.34,5654.0,0.2299999999999999,2148.0,2.84,24479.7,0.1646,1.3849183673469387,1.238204081632653,2.9628,9.69442857142857,7.429224489795917,0.3056188385081269,0.3988034018987342,1,0
Słowacja,2022,4528.0,4215.0,0.18,0.17,1508.0,1626.0,1.91,2.06,8743.0,0.35,3134.0,3.97,25517.5,0.184,1.69078431372549,1.7159803921568628,3.312,11.83549019607843,10.295882352941176,0.2798363181524494,0.3216819973718791,1,0
Słowacja,2023,7896.0,7145.0,0.3,0.27,2516.0,2862.0,2.86,3.25,15041.0,0.5700000000000001,5378.0,6.109999999999999,28487.6,0.19175,1.5921346153846154,1.5530576923076924,3.4515,11.144942307692308,9.318346153846154,0.309692047272219,0.3703983456952167,1,0
Słowacja,2024,14612.0,10904.0,0.54,0.4,2227.0,2174.0,2.34,2.29,25516.0,0.94,4401.0,4.63,29808.2,0.1788,1.572811320754717,1.5003584905660377,3.2184000000000004,11.00967924528302,9.002150943396225,0.2923245925969087,0.3575145562695708,1,0
Słowacja,2025,18895.0,14135.0,0.68,0.51,4377.0,4085.0,4.7,4.39,33030.0,1.19,8462.0,9.09,31138.8,0.187,1.5205384615384614,1.4630961538461538,3.366,10.64376923076923,8.778576923076923,0.3162413546386835,0.3834334459326244,2,0
Słowenia,2008,,,,,0.0,0.0,,,,,0.0,,22855.5,0.11515,1.0794285714285714,1.138877551020408,2.0727,7.556,6.833265306122449,0.2743118051879301,0.3033249708807455,0,0
Słowenia,2009,,,,,0.0,0.0,0.0,0.0,,,0.0,0.0,20535.6,0.13435,1.04842,1.00856,2.4183,7.338940000000001,6.051359999999999,0.3295162516657718,0.3996291742682637,0,0
Słowenia,2010,,,,,0.0,0.0,0.0,0.0,,,0.0,0.0,20877.2,0.14135,1.1989795918367347,1.1461836734693878,2.5443,8.392857142857142,6.877102040816327,0.3031506382978723,0.3699668821109984,0,0
Słowenia,2011,,,,,12.0,0.0,0.02,0.0,,,12.0,0.02,21398.9,0.14665,1.289204081632653,1.2415714285714288,2.6397,9.024428571428572,7.449428571428573,0.2925060549935888,0.354349326889886,0,0
Słowenia,2012,12.0,,0.0,,17.0,10.0,0.03,0.02,,,27.0,0.05,21261.9,0.1542,1.4750204081632654,1.3610408163265306,2.7756,10.325142857142858,8.166244897959183,0.2688195251535779,0.3398869412664377,0,0
Słowenia,2013,29.0,10.0,0.0,0.0,,,,,39.0,0.0,,,21394.3,0.16335,1.4895999999999998,1.37956,2.9403,10.4272,8.27736,0.2819836581249041,0.3552219548261764,0,0
Słowenia,2014,133.0,20.0,0.01,0.0,22.0,2.0,0.04,0.0,153.0,0.01,24.0,0.04,21914.4,0.1631,1.4546122448979593,1.3551836734693876,2.9358000000000004,10.182285714285715,8.131102040816327,0.2883242606206858,0.3610580687910367,0,0
Słowenia,2015,288.0,55.0,0.03,0.01,93.0,6.0,0.15,0.01,343.0,0.04,99.0,0.16,22534.2,0.161,1.2905714285714287,1.1824489795918367,2.898,9.034,7.09469387755102,0.3207881337170688,0.4084742837418019,0,0
Słowenia,2016,457.0,140.0,0.04,0.01,152.0,37.0,0.23,0.06,597.0,0.05,189.0,0.29,23327.5,0.16235,1.1943482,1.0748103999999998,2.9223,8.3604374,6.448862399999999,0.3495391281800638,0.4531496904012094,0,0
Słowenia,2017,779.0,329.0,0.07,0.03,336.0,187.0,0.46,0.26,1108.0,0.1,523.0,0.72,24858.0,0.1611,1.269537,1.1759838,2.8998,8.886759000000001,7.0559028,0.3263056869214074,0.4109750491460852,0,0
Słowenia,2018,1308.0,580.0,0.11,0.05,480.0,216.0,0.64,0.29,1888.0,0.16,696.0,0.93,26214.2,0.16255,1.3257682,1.2813154,2.9259,9.2803774,7.6878924,0.3152781265123981,0.3805854514821253,0,0
Słowenia,2019,1998.0,659.0,0.17,0.06,579.0,84.0,0.8,0.12,2657.0,0.23,663.0,0.92,27550.6,0.1649999999999999,1.2848479591836734,1.2503071428571428,2.97,8.993935714285714,7.501842857142857,0.3302225070702402,0.3959027210456859,0,0
Słowenia,2020,3670.0,792.0,0.31,0.07,1667.0,118.0,3.12,0.22,4462.0,0.38,1785.0,3.3400000000000003,26676.9,0.1571,1.0673118,1.0616052,2.8278000000000003,7.4711826,6.369631200000001,0.3784942962041913,0.4439503499040886,1,0
Słowenia,2021,5413.0,1088.0,0.46,0.09,1688.0,284.0,3.13,0.53,6501.0,0.55,1972.0,3.66,29298.0,0.16865,1.222658775510204,1.2760242857142858,3.0357,8.558611428571428,7.656145714285715,0.3546953878366117,0.3965049926277712,1,0
Słowenia,2022,7977.0,1546.0,0.66,0.13,2319.0,626.0,5.0,1.35,9523.0,0.79,2945.0,6.35,32351.9,0.1673,1.493333137254902,1.6367472549019608,3.0114,10.453331960784316,9.820483529411764,0.2880803949685392,0.3066447788422062,1,0
Słowenia,2023,12743.0,2523.0,1.04,0.21,4338.0,1074.0,8.86,2.19,15266.0,1.25,5412.0,11.05,35110.5,0.2015,1.449540576923077,1.5433894230769232,3.627,10.146784038461538,9.26033653846154,0.3574531581880329,0.3916704306518184,1,0
Słowenia,2024,16969.0,3223.0,1.34,0.25,3148.0,1143.0,5.98,2.17,20192.0,1.59,4291.0,8.15,36150.6,0.2045,1.493025283018868,1.5258473584905663,3.681,10.451176981132075,9.1550841509434,0.352209134592731,0.4020716728879752,1,0
Słowenia,2025,22563.0,5213.0,1.75,0.41,6419.0,1939.0,11.15,3.37,27776.0,2.16,8358.0,14.52,38052.2,0.19655,1.4690328846153848,1.5096344230769232,3.5379,10.283230192307697,9.05780653846154,0.344045590134363,0.3905912524160523,2,0
Turcja,2008,,,,,0.0,0.0,,,,,0.0,,12526.6,0.111,,,1.998,,,,,0,0
Turcja,2009,,,,,0.0,0.0,,,,,0.0,,11746.5,0.11615,,,2.0907,,,,,0,0
Turcja,2010,,,,,0.0,0.0,0.0,0.0,,,0.0,0.0,13223.2,0.1358,,,2.4444,,,,,0,0
Turcja,2011,,,,,0.0,0.0,0.0,0.0,,,0.0,0.0,14693.2,0.11815,,,2.1267,,,,,0,0
Turcja,2012,230.0,,0.0,,92.0,0.0,0.01,0.0,,,92.0,0.01,15315.2,0.139,,,2.502,,,,,0,0
Turcja,2013,230.0,,0.0,,,1.0,,0.0,,,,,16197.4,0.14045,,,2.5281,,,,,0,0
Turcja,2014,412.0,20.0,0.0,0.0,46.0,22.0,0.01,0.0,432.0,0.0,68.0,0.01,17146.3,0.1251,,,2.2518,,,,,0,0
Turcja,2015,565.0,127.0,0.01,0.0,119.0,106.0,0.02,0.01,692.0,0.01,225.0,0.03,18149.0,0.1291,,,2.3238,,,,,0,0
Turcja,2016,643.0,210.0,0.01,0.0,44.0,83.0,0.01,0.01,853.0,0.01,127.0,0.02,17963.7,0.1236,,,2.2248,,,,,0,0
Turcja,2017,760.0,237.0,0.01,0.0,77.0,34.0,0.01,0.0,997.0,0.01,111.0,0.01,18744.7,0.10035,,,1.8063,,,,,0,0
Turcja,2018,952.0,281.0,0.01,0.0,192.0,45.0,0.04,0.01,1233.0,0.01,237.0,0.05,18609.6,0.0880499999999999,,,1.5848999999999998,,,,,0,0
Turcja,2019,1176.0,539.0,0.01,0.0,229.0,94.0,0.06,0.02,1715.0,0.01,323.0,0.08,18077.9,0.0945,,,1.701,,,,,0,0
Turcja,2020,2797.0,1026.0,0.02,0.01,891.0,398.0,0.12,0.05,3823.0,0.03,1289.0,0.1699999999999999,17889.0,0.09085,,,1.6353,,,,,1,0
Turcja,2021,6267.0,1795.0,0.05,0.01,2968.0,915.0,0.42,0.13,8062.0,0.06,3883.0,0.55,19620.1,0.0811,,,1.4598,,,,,1,0
Turcja,2022,14552.0,2346.0,0.1,0.02,7042.0,543.0,1.01,0.08,16898.0,0.12,7585.0,1.09,23418.1,0.0899,,,1.6182,,,,,1,0
Turcja,2023,80043.0,5906.0,0.53,0.04,65708.0,2651.0,8.46,0.34,85949.0,0.5700000000000001,68359.0,8.8,25721.4,0.0702,,,1.2636,,,,,1,0
Turcja,2024,183151.0,19543.0,1.13,0.12,96497.0,14300.0,9.84,1.46,202694.0,1.25,110797.0,11.3,27621.2,0.0554,,,0.9972,,,,,1,0
Wielka_Brytania,2008,189.0,,,,0.0,0.0,,,,,0.0,,28429.9,0.15305,1.364761836734694,1.4972142857142858,2.7549,9.553332857142856,8.983285714285715,0.2883705656649669,0.3066695291255188,0,0
Wielka_Brytania,2009,354.0,,0.0,,124.0,0.0,0.01,0.0,,,124.0,0.01,26455.4,0.14365,1.1183176,1.168715,2.5857,7.828223199999999,7.01229,0.3303048385232552,0.368738315158101,0,0
Wielka_Brytania,2010,1562.0,176.0,0.01,0.0,90.0,0.0,0.0,0.0,1738.0,0.01,90.0,0.0,27580.1,0.14175,1.3609522448979592,1.3879185714285711,2.5515,9.526665714285716,8.327511428571428,0.2678271786291291,0.3063940556413869,0,0
Wielka_Brytania,2011,2635.0,176.0,0.01,0.0,1073.0,7.0,0.06,0.0,2811.0,0.01,1080.0,0.06,27687.2,0.15085,1.537570612244898,1.5991067346938777,2.7153,10.762994285714283,9.594640408163263,0.2522810964978413,0.2830017472765088,0,0
Wielka_Brytania,2012,4109.0,1184.0,0.01,0.0,1416.0,989.0,0.07,0.05,5293.0,0.01,2405.0,0.12,28280.7,0.17335,1.6771808163265307,1.7550144897959186,3.1203000000000003,11.740265714285716,10.530086938775511,0.2657776302458961,0.2963223398004388,0,0
Wielka_Brytania,2013,6268.0,2262.0,0.02,0.01,2539.0,902.0,0.11,0.04,8530.0,0.03,3441.0,0.15,28832.6,0.1769,1.5831264,1.6561513999999995,3.1842,11.0818848,9.936908399999998,0.2873337936160462,0.3204417180699784,0,0
Wielka_Brytania,2014,12363.0,9886.0,0.04,0.03,7501.0,7076.0,0.3,0.29,22249.0,0.07,14577.0,0.59,29596.5,0.19655,1.5863832653061225,1.6603414285714284,3.5379,11.104682857142858,9.962048571428571,0.318595321047311,0.3551377986799617,0,0
Wielka_Brytania,2015,20958.0,27655.0,0.07,0.09,11443.0,17091.0,0.43,0.65,48613.0,0.16,28534.0,1.08,30610.3,0.2153999999999999,1.5355140816326531,1.588647755102041,3.8772,10.748598571428571,9.531886530612246,0.3607167924482912,0.4067610317798193,0,0
Wielka_Brytania,2016,29720.0,55041.0,0.09,0.17,11854.0,26270.0,0.44,0.98,84761.0,0.26,38124.0,1.42,30651.7,0.1891,1.3308656,1.348065,3.4038,9.316059200000002,8.08839,0.3653690822402674,0.4208254053031567,0,0
Wielka_Brytania,2017,42020.0,87030.0,0.13,0.27,15813.0,32360.0,0.62,1.27,129050.0,0.4,48173.0,1.89,31430.0,0.1810999999999999,1.341021,1.3716206,3.2598,9.387147,8.2297236,0.3472620594947538,0.3961007876376309,0,0
Wielka_Brytania,2018,56310.0,126277.0,0.17,0.39,17111.0,42845.0,0.72,1.81,182587.0,0.56,59956.0,2.53,31789.2,0.19555,1.4164348,1.470832,3.5199,9.9150436,8.824992000000002,0.3550060032010348,0.3988558856483948,0,0
Wielka_Brytania,2019,90858.0,156086.0,0.28,0.47,37972.0,36425.0,1.64,1.58,246944.0,0.75,74397.0,3.22,32245.8,0.2166,1.4235985714285715,1.5006791836734694,3.898800000000001,9.96519,9.004075102040817,0.3912419130994994,0.4330039405286967,0,0
Węgry,2008,,,,,0.0,0.0,,,,,0.0,,16070.9,0.15505,1.179477142857143,1.2400355102040816,2.7909,8.25634,7.44021306122449,0.3380311372835905,0.3751102256123672,0,0
Węgry,2009,,,,,0.0,0.0,0.0,0.0,,,0.0,0.0,15620.6,0.15725,0.9988938,0.956678,2.8305,6.9922566,5.740068,0.4048049380796465,0.493112625146601,0,0
Węgry,2010,,,,,0.0,0.0,0.0,0.0,,,0.0,0.0,16421.6,0.16375,1.2227826530612245,1.159485102040816,2.9475,8.55947857142857,6.956910612244897,0.3443550883857245,0.4236794411030794,0,0
Węgry,2011,9.0,,0.0,,9.0,0.0,0.02,0.0,,,9.0,0.02,17133.8,0.16175,1.372098979591837,1.3587440816326533,2.9115,9.60469285714286,8.15246448979592,0.3031330666482232,0.3571312703838448,0,0
Węgry,2012,90.0,17.0,0.0,0.0,8.0,17.0,0.02,0.03,107.0,0.0,25.0,0.05,17148.0,0.15835,1.479315918367347,1.5048495918367348,2.8503,10.35521142857143,9.02909755102041,0.2752527091948732,0.3156793892073829,0,0
Węgry,2013,110.0,17.0,0.0,0.0,14.0,,0.02,,127.0,0.0,,,17750.4,0.13615,1.4079635999999998,1.435514,2.4507,9.855745199999998,8.613084,0.248656996530308,0.2845322302673467,0,0
Węgry,2014,175.0,40.0,0.01,0.0,29.0,6.0,0.04,0.01,215.0,0.01,35.0,0.05,18489.4,0.1174,1.3260777551020408,1.3547920408163263,2.1132,9.282544285714286,8.12875224489796,0.2276531018820117,0.2599660976660172,0,0
Węgry,2015,342.0,99.0,0.01,0.0,195.0,30.0,0.25,0.04,441.0,0.01,225.0,0.29,19369.1,0.1136,1.1580304081632653,1.16224693877551,2.0448,8.106212857142857,6.97348163265306,0.2522509630620182,0.2932251216415775,0,0
Węgry,2016,758.0,210.0,0.02,0.01,232.0,,0.24,,968.0,0.03,,,19574.4,0.11195,1.0690575999999998,1.0640164,2.0151,7.483403199999999,6.384098400000001,0.2692758823953252,0.3156436310568145,0,0
Węgry,2017,1996.0,522.0,0.06,0.02,725.0,359.0,0.62,0.31,2518.0,0.08,1084.0,0.93,20419.5,0.11295,1.1473538,1.1575464,2.0331,8.031476600000001,6.945278399999999,0.2531414957991659,0.2927312460217577,0,0
Węgry,2018,3839.0,1268.0,0.11,0.03,1287.0,680.0,0.94,0.5,5107.0,0.14,1967.0,1.44,21875.5,0.11205,1.1972828,1.2409744,2.0169,8.3809796,7.445846400000001,0.2406520593368346,0.2708758536840083,0,0
Węgry,2019,6595.0,2122.0,0.17,0.06,1833.0,1035.0,1.16,0.65,8717.0,0.23,2868.0,1.81,23171.4,0.11085,1.1715461224489796,1.2257210204081632,1.9953,8.200822857142857,7.354326122448979,0.2433048530321696,0.2713096980985619,0,0
Węgry,2020,11012.0,5856.0,0.28,0.15,2975.0,2982.0,2.32,2.33,16868.0,0.43,5957.0,4.65,22731.5,0.102,1.022405,1.0555258,1.836,7.156835,6.333154800000001,0.2565379808253229,0.2899029090525309,1,0
Węgry,2021,18823.0,8002.0,0.47,0.2,4312.0,4182.0,3.54,3.43,26825.0,0.6699999999999999,8494.0,6.970000000000001,24805.4,0.10065,1.2363522448979594,1.248298367346939,1.8117,8.654465714285715,7.489790204081634,0.2093370127990074,0.2418892853651223,1,0
Węgry,2022,29836.0,9945.0,0.72,0.24,4710.0,4872.0,4.22,4.37,39781.0,0.96,9582.0,8.59,27305.6,0.1016,1.289545882352941,1.4781660784313726,1.8288,9.026821176470587,8.868996470588236,0.2025962367313723,0.2062014576355677,1,0
Węgry,2023,41212.0,11679.0,0.98,0.28,6090.0,5447.0,5.66,5.06,52891.0,1.26,11537.0,10.72,28968.6,0.11445,1.5836482692307694,1.6188419230769229,2.0601,11.085537884615386,9.713051538461537,0.1858367200078785,0.2120960639241395,1,0
Węgry,2024,65449.0,12620.0,1.54,0.3,8565.0,5695.0,7.04,4.68,78069.0,1.84,14260.0,11.72,30445.5,0.1063,1.533441165446103,1.5696377297996194,1.9134,10.734088158122722,9.417826378797717,0.1782545449426077,0.2031678991563938,1,0
Węgry,2025,94009.0,12668.0,2.15,0.29,11002.0,7136.0,8.5,5.51,106677.0,2.44,18138.0,14.01,31719.3,0.1061,1.4834297523705224,1.5107649818510205,1.9098,10.384008266593655,9.064589891106124,0.1839174190706307,0.2106879652518899,2,0
Włochy,2008,,,,,0.0,0.0,,,,,0.0,,27489.2,0.2129,1.3875367346938776,1.3517338775510204,3.8322,9.712757142857145,8.110403265306122,0.3945532605865923,0.4725042485116622,0,0
Włochy,2009,,,,,0.0,0.0,0.0,0.0,,,0.0,0.0,26046.1,0.20475,1.234138,1.0814589999999995,3.6855,8.638966,6.488753999999998,0.4266135553722517,0.5679826974485396,0,0
Włochy,2010,,,,,40.0,0.0,0.0,0.0,,,40.0,0.0,26477.9,0.19425,1.3631312244897955,1.2138748979591838,3.4965,9.541918571428573,7.283249387755102,0.3664357407607305,0.4800741830807633,0,0
Włochy,2011,117.0,,0.0,,117.0,3.0,0.01,0.0,,,120.0,0.01,27119.5,0.2026,1.5512561224489796,1.4428367346938775,3.6468,10.858792857142856,8.657020408163266,0.3358384350799319,0.4212534830761396,0,0
Włochy,2012,623.0,145.0,0.0,0.0,507.0,145.0,0.04,0.01,768.0,0.0,652.0,0.05,26792.3,0.2214499999999999,1.788211836734694,1.7067322448979594,3.9861,12.517482857142856,10.240393469387756,0.3184426170574229,0.3892526211923297,0,0
Włochy,2013,1531.0,363.0,0.0,0.0,846.0,162.0,0.06,0.01,1894.0,0.0,1008.0,0.0699999999999999,26316.4,0.23075,1.748751020408163,1.6580797959183673,4.1535,12.241257142857144,9.948478775510203,0.3393033862068321,0.4175010163588543,0,0
Włochy,2014,3430.0,832.0,0.01,0.0,1155.0,148.0,0.08,0.01,4262.0,0.01,1303.0,0.09,26280.2,0.2392,1.7162004081632651,1.612615714285714,4.3056,12.013402857142855,9.675694285714284,0.3583997016665434,0.4449913228818132,0,0
Włochy,2015,4584.0,1550.0,0.01,0.0,1576.0,740.0,0.1,0.05,6134.0,0.01,2316.0,0.15,26880.4,0.2439,1.537684489795918,1.4085716326530613,4.3902,10.763791428571428,8.451429795918369,0.4078674349213647,0.5194623993824399,0,0
Włochy,2016,5743.0,3149.0,0.02,0.01,1497.0,1309.0,0.08,0.07,8892.0,0.03,2806.0,0.15,28121.1,0.23015,1.4432364000000002,1.2809222,4.1427,10.102654800000002,7.6855332,0.4100605318118955,0.5390257113195477,0,0
Włochy,2017,7560.0,5786.0,0.02,0.02,2109.0,2649.0,0.11,0.13,13346.0,0.04,4758.0,0.24,28946.7,0.2106,1.5276388,1.3825096,3.7908,10.6934716,8.2950576,0.3544966631790559,0.4569950183347732,0,0
Włochy,2018,12156.0,10820.0,0.03,0.03,5155.0,4661.0,0.27,0.24,22976.0,0.06,9816.0,0.51,29555.4,0.2113999999999999,1.6042421999999998,1.490762,3.8052,11.2296954,8.944572,0.3388515773989738,0.4254200200971046,0,0
Włochy,2019,22728.0,16811.0,0.06,0.04,10718.0,6488.0,0.55,0.33,39539.0,0.1,17206.0,0.8800000000000001,30348.1,0.2321,1.5724161224489797,1.4782626530612244,4.1778,11.006912857142858,8.869575918367346,0.3795614677996516,0.4710259023036834,0,0
Włochy,2020,53079.0,44212.0,0.13,0.11,32477.0,27402.0,2.35,1.99,97291.0,0.24,59879.0,4.34,28386.4,0.2189499999999999,1.4319976,1.317785,3.9411,10.0239832,7.90671,0.3931670595776736,0.4984500506531793,1,0
Włochy,2021,118034.0,114589.0,0.3,0.29,67356.0,70378.0,4.62,4.83,232623.0,0.59,137734.0,9.45,31782.5,0.23095,1.6250157142857145,1.4860389795918367,4.1571,11.37511,8.91623387755102,0.365455806581211,0.4662394523394681,1,0
Włochy,2022,158131.0,183055.0,0.4,0.46,49407.0,69806.0,3.75,5.3,341186.0,0.8600000000000001,119213.0,9.05,35348.2,0.3378,1.813873137254902,1.815353921568628,6.0804,12.697111960784314,10.892123529411766,0.4788805532139615,0.5582382520342546,1,0
Włochy,2023,219540.0,252640.0,0.55,0.63,66294.0,68814.0,4.23,4.4,472180.0,1.1800000000000002,135108.0,8.63,37697.0,0.35645,1.8664192307692309,1.7947709615384615,6.4161,13.064934615384615,10.76862576923077,0.4910931580510721,0.5958141862755361,1,0
Włochy,2024,277365.0,286737.0,0.67,0.69,66227.0,52161.0,4.25,3.35,564102.0,1.36,118388.0,7.6,39068.5,0.31925,1.8205828301886795,1.7170041509433964,5.746500000000001,12.744079811320756,10.302024905660378,0.4509152551677603,0.5578029613229362,1,0
Włochy,2025,372693.0,383258.0,0.89,0.91,94618.0,96995.0,6.2,6.36,755951.0,1.8,191613.0,12.56,39949.2,0.3128499999999999,1.7332932692307692,1.6531128846153844,5.6313,12.133052884615385,9.918677307692306,0.4641288596986537,0.5677470720448498,2,0
Łotwa,2008,,,,,0.0,0.0,,,,,0.0,,14458.6,0.09225,1.0317510204081637,1.102614693877551,1.6605,7.222257142857144,6.615688163265306,0.2299142729419769,0.2509942970438357,0,0
Łotwa,2009,,,,,0.0,0.0,0.0,0.0,,,0.0,0.0,12505.9,0.1053,0.958305,0.9174906,1.8954,6.708135,5.5049436,0.2825524531035824,0.3443087046341401,0,0
Łotwa,2010,,,,,0.0,0.0,0.0,0.0,,,0.0,0.0,13130.4,0.10485,1.0863461224489794,1.063844693877551,1.8873,7.604422857142856,6.383068163265306,0.248184515176882,0.2956728569595186,0,0
Łotwa,2011,,,,,0.0,0.0,0.0,0.0,,,0.0,0.0,13880.6,0.1255,1.27885,1.2705191836734693,2.259,8.95195,7.623115102040815,0.2523472539502566,0.2963355491504036,0,0
Łotwa,2012,10.0,,0.0,,6.0,3.0,0.06,0.03,,,9.0,0.09,15139.1,0.13755,1.4088404081632653,1.37172693877551,2.4759,9.861882857142858,8.23036163265306,0.2510575349418931,0.3008251776176076,0,0
Łotwa,2013,15.0,6.0,0.0,0.0,,,,,21.0,0.0,,,15770.2,0.1368,1.3514738,1.308669,2.4624,9.4603166,7.852013999999999,0.2602872719925674,0.3136010710118449,0,0
Łotwa,2014,188.0,9.0,0.03,0.0,158.0,1.0,1.2,0.01,197.0,0.03,159.0,1.21,16462.6,0.1333,1.2919183673469388,1.2600255102040816,2.3994,9.04342857142857,7.56015306122449,0.2653197270314672,0.3173745267548033,0,0
Łotwa,2015,211.0,23.0,0.03,0.0,17.0,,0.12,,234.0,0.03,,,17353.1,0.16425,1.1294914285714286,1.0630510204081631,2.9565,7.90644,6.37830612244898,0.3739356777513015,0.4635243187206634,0,0
Łotwa,2016,241.0,26.0,0.04,0.0,19.0,15.0,0.11,0.09,267.0,0.04,34.0,0.2,17925.2,0.1626,1.070633,0.9505184,2.9268,7.494431,5.703110399999999,0.3905299815289513,0.5131936425428483,0,0
Łotwa,2017,312.0,49.0,0.05,0.01,62.0,29.0,0.36,0.17,361.0,0.06,91.0,0.53,18999.8,0.1583999999999999,1.1506856,1.045764,2.8511999999999995,8.054799200000001,6.274583999999999,0.3539753045612855,0.4544046266652897,0,0
Łotwa,2018,442.0,89.0,0.06,0.01,130.0,29.0,0.76,0.17,531.0,0.0699999999999999,159.0,0.93,20230.2,0.1521,1.2707891999999998,1.1918534,2.7378,8.8955244,7.1511204,0.3077727491815997,0.3828490987230477,0,0
Łotwa,2019,658.0,124.0,0.09,0.02,118.0,23.0,0.64,0.12,782.0,0.11,141.0,0.76,20948.7,0.1634499999999999,1.258,1.1977569387755105,2.9421,8.806000000000001,7.186541632653062,0.3341017488076311,0.4093902394765453,0,0
Łotwa,2020,1205.0,196.0,0.16,0.03,297.0,90.0,2.14,0.65,1401.0,0.19,387.0,2.79,20911.4,0.1426,1.1444834000000002,1.046805,2.5668,8.0113838,6.28083,0.3203940872237328,0.4086721022540015,1,0
Łotwa,2021,2106.0,338.0,0.28,0.04,421.0,140.0,2.94,0.98,2444.0,0.32,561.0,3.92,23542.2,0.1644499999999999,1.3378542857142857,1.2297677551020407,2.9601,9.36498,7.378606530612244,0.3160818282580422,0.401173309312427,1,0
Łotwa,2022,3832.0,568.0,0.49,0.07,1068.0,275.0,6.38,1.64,4400.0,0.56,1343.0,8.02,24939.3,0.23755,1.7780054901960785,1.7719703921568628,4.2759,12.44603843137255,10.631822352941176,0.3435551017761443,0.4021794061313599,1,0
Łotwa,2023,6369.0,856.0,0.8,0.11,1800.0,396.0,9.48,2.09,7225.0,0.91,2196.0,11.57,26755.5,0.2914,1.642123653846154,1.5944932692307692,5.2452,11.494865576923075,9.566959615384617,0.4563080764102353,0.5482619568671745,1,0
Łotwa,2024,9410.0,1390.0,1.19,0.18,1293.0,790.0,7.52,4.6,10800.0,1.37,2083.0,12.12,27536.5,0.2476999999999999,1.6306892452830188,1.5915243396226415,4.4586,11.414824716981132,9.549146037735849,0.3905973250178091,0.4669108611786564,1,0
Łotwa,2025,11025.0,4022.0,1.38,0.5,1628.0,2773.0,7.23,12.32,15047.0,1.88,4401.0,19.55,29518.5,0.2445999999999999,1.5549219230769231,1.5221976923076923,4.4028,10.88445346153846,9.133186153846154,0.4045035440279871,0.4820661624361942,2,0
