,coef,std err,t,p,ci_lower,ci_upper
const,-37.73523701572358,7.341924767124425,-5.1396926844979305,2.597564212086782e-05,-52.85621412503058,-22.61425990641657
PKB per capita (PPS) (X2),0.0018267767039638124,0.0001595857816946573,11.446989102444395,1.961328538606723e-11,0.0014981036340923947,0.00215544977383523
Wskaźnik cen energii/paliwa (X3),-24.35771870718891,13.355578923015376,-1.8237860633067569,0.08016219182909821,-51.8640483934784,3.148610979100578
Dotacje (X4),2.0346457545272347,1.501325785379647,1.3552326712437865,0.187462762363232,-1.0573925807047657,5.126684089759236
Ładowarki na EV (X5),-13.940242515661032,7.994856349630414,-1.7436514061075608,0.09350681843673252,-30.40595739144934,2.525472360127276
